GivenName	Surname	Birthday	uid
XFjF	DFtFOFP	F3F0FBFU	24197
FuFZFLF4	FWFoF2	F1FzFNF7F	40513
wFdkka	kvkykbk	Ck5kYknki	98290
kXkjkD	ktk	OkPk3k0kB	72931
kUkukZkL	k4kWko	k2k1kzkN	19505
k7kw	kdaavay	abaCa5aYa	50547
naiaXa	jaDat	aOaPa3a0aB	78489
aUau	aZaLa4aWa	oa2a1azaN	85583
a7awadvvy	vbvCv	5vYvnvivXv	84129
jvDvtv	OvPv3	v0vBvUvuv	91518
ZvL	v4vWvov2	v1vzvNv7	56002
vwvdyy	byCy5	yYynyiyXy	6707
jyDy	tyOyPy3y0	yByUyuyZy	79257
Ly4yW	yoy2	y1yzyNy7	30918
ywydbb	Cb5bYbnbi	bXbjbDbtb	90240
ObPb	3b0bB	bUbubZbLb	92343
4bWbob	2b1bzb	Nb7bwbdCC	1502
5CYCn	CiCXCjCD	CtCOCPC3C	14167
0CBC	UCuCZC	LC4CWCoC2	72207
C1CzCN	C7CwC	d55Y5n5i5	21560
X5j5D5	t5O5P535	05B5U5u5Z	85588
5L54	5W5o	52515z5N	35353
575	w5dYYn	YiYXYjYDY	83946
tYOYP	Y3Y0YBY	UYuYZYLY4	2794
YWYoY	2Y1YzY	NY7YwYdn	35238
ninXnj	nDntn	OnPn3n0nBn	59278
UnunZ	nLn4nW	non2n1nzn	47653
Nn7nw	ndiiX	ijiDitiOi	35364
Pi3i0i	BiUiu	iZiLi4iWi	98902
oi2i1iz	iNi7iwid	XXjXDXtXO	16565
XPX3X	0XBXUXuX	ZXLX4XWXo	97876
X2X1Xz	XNX7XwX	djjDjtjO	59128
jPj3j0j	BjUjujZ	jLj4jWjoj2	77307
j1jz	jNj7jwjd	DDtDODPD3D	32503
0DBDU	DuDZDL	D4DWDoD2D	46045
1DzD	ND7DwD	dttOtPt3	49520
t0tBt	UtutZ	tLt4tWtot	87279
2t1t	ztNt7t	wtdOOPO3O	31846
0OBOU	OuOZOLO	4OWOoO2O1	64627
OzONO	7OwOdPP	3P0PBPUPu	75942
PZPLP	4PWPo	P2P1PzPNP	2523
7PwPd330	3B3U	3u3Z3L343	71560
W3o3231	3z3N37	3w3d00B0U	3417
0u0Z0L0	40W0o0201	0z0N070w	42447
0dBBUB	uBZBLB	4BWBoB2B	10902
1BzB	NB7B	wBdUUuUZ	25279
ULU4	UWUoU	2U1UzUNU7	31743
UwU	duuZuL	u4uWuou2u	60950
1uzu	Nu7uwud	ZZLZ4ZWZoZ	6039
2Z1ZzZNZ7	ZwZdL	L4LWLoL2L	15197
1LzLNL	7LwL	d44W4o4241	68323
4z4N474	w4dWWo	W2W1WzWNW	43094
7WwWdoo	2o1ozo	No7owod22	77745
12z2N2	72w2d	11z1N171w	45210
1dzzN	z7zwzd	NN7NwNd77	32793
w7d	wwdd	88I8A8T8m	19747
8r8H8s	8f8h8	'8J8/8E86	14541
8K898	q8p8e	8M8R8G8V8S	89363
8Q8	l8x8g	8c8F8k8a	59042
8v8y8	b8C858	Y8n8i8X8j	47731
8D8t	8O8P838	08B8U8u8	32454
Z8L84	8W8o8281	8z8N878w8	34983
dIIAI	TImIr	IHIsIfIhI	9845
'IJI/I	EI6IK	I9IqIpIeI	92138
MIRIGIVI	SIQIl	IxIgIcIFI	55962
kIaIvI	yIbICI	5IYInIiI	91942
XIjID	ItIOIP	I3I0IBIUI	59173
uIZI	LI4I	WIoI2I1Iz	19109
INI7I	wIdAA	TAmArAHAsA	6320
fAhA'A	JA/AEA6	AKA9AqApA	47164
eAMARAGAV	ASAQAl	AxAgAcAFA	81610
kAaAv	AyAbACA5	AYAnAiAXA	64410
jADAt	AOAPA	3A0ABAUAu	47715
AZALA4	AWAoA2A	1AzANA7Aw	50892
AdTTmT	rTHTsTfT	hT'TJT/TE	30503
T6TKT	9TqTpT	eTMTRTGTV	1271
TSTQTl	TxTgTc	TFTkTaTvT	18863
yTbTCT5TY	TnTiTX	TjTDTtTOTP	18229
T3T0TB	TUTuTZTLT4	TWToT2T1T	26628
zTNT7T	wTdm	mrmHmsmfm	30450
hm'mJm/	mEm6mKm	9mqmpmemM	67418
mRmGmVm	SmQmlmx	mgmcmFmkm	39749
amvmym	bmCm5mY	mnmimXmjm	34151
DmtmO	mPm3m0mBmU	mumZmLm4mW	70237
mom2m	1mzm	Nm7mwmdrr	75062
Hrsrfrh	r'r	Jr/rEr6rK	445
r9rqrpr	erMr	RrGrVrSrQ	44126
rlrxr	grc	rFrkrarv	3619
ryrbrC	r5rYrn	rirXrjrDrt	63373
rOrP	r3r0rBr	UrurZrLr4	41096
rWror	2r1rzr	Nr7rwrdHH	16370
sHfHhH'HJ	H/HE	H6HKH9Hq	47766
HpHeH	MHRHGH	VHSHQHlHxH	32161
gHcHFHkHa	HvHyH	bHCH5HYHn	43149
HiHXHj	HDHtHOHPH3	H0HBHUHuH	60576
ZHLH4	HWHoH2	H1HzHNH7H	27689
wHdss	fshs's	Js/sEs6s	85871
Ks9sqs	psesMs	RsGsVsSsQs	61831
lsxs	gscsFs	ksasvsys	74093
bsCs5s	Ysnsi	sXsjsDsts	9352
OsPs3	s0sBs	UsusZsLs4	30268
sWsos2	s1szsNs	7swsdffhf	12583
'fJf/fE	f6fKf9	fqfpfefMf	38917
RfGfV	fSfQflfx	fgfcfFfkf	9564
afvf	yfbf	Cf5fYfnfi	12727
fXfjfD	ftfOfP	f3f0fBfUfu	69600
fZfLf	4fWfof	2f1fzfNf	23477
7fwfdhh	'hJh/h	Eh6hKh9hq	1390
hphehM	hRhGhV	hShQhlhx	57140
hghchF	hkh	ahvhyhbhC	68755
h5hYhn	hihXhj	hDhthOhPh	55778
3h0h	BhUhuh	ZhLh4hWho	52444
h2h1hzhN	h7hwh	d''J'/'E'	98446
6'K'9'q	'p'e'M'R	'G'V'S'Q'	56213
l'x'g'c	'F'k'a	'v'y'b'C	38610
'5'Y'n	'i'X'j'D'	t'O'P'3'0'	6708
B'U'	u'Z'L'4'W'	o'2'1'z'N	6829
'7'w'dJJ/	JEJ6JKJ	9JqJpJeJM	11282
JRJGJ	VJSJQJ	lJxJgJcJ	67808
FJkJaJ	vJyJbJC	J5JYJnJiJX	2860
JjJDJtJ	OJPJ3J	0JBJUJuJZ	1111
JLJ4JW	JoJ2J1	JzJNJ7JwJ	33768
d//E/6	/K/9/	q/p/e/M/R	55446
/G/V/S/	Q/l/x	/g/c/F/k	6854
/a/v/y/b	/C/5/Y/	n/i/X/j/D	76176
/t/O/	P/3/0/	B/U/u/Z/	88448
L/4/W	/o/2/1	/z/N/7/w	98256
/dEE6EKE	9EqEpEe	EMEREGEVE	94236
SEQElEx	EgEcE	FEkEaEvEy	89995
EbEC	E5EYEn	EiEXEjEDE	34688
tEOEPE	3E0EBE	UEuEZELE	5943
4EWEoE2	E1EzE	NE7EwEd66	13736
K696q	6p6e	6M6R6G6V6	15398
S6Q6l	6x6g6c	6F6k6a6v	32149
6y6b	6C656Y	6n6i6X6j6	40570
D6t6O6	P63606B	6U6u6Z6L6	97995
46W6o6261	6z6N67	6w6dKK9K	43520
qKpK	eKMKR	KGKVKSKQK	39649
lKxKgK	cKFKkK	aKvKyKbKC	86740
K5KYK	nKiKX	KjKDKtKOK	16637
PK3K0	KBKUKu	KZKLK4KWK	49420
oK2K1Kz	KNK7Kw	Kd99q9p9e	15691
9M9R9G	9V9S9	Q9l9x9g9	6275
c9F9	k9a9v9y	9b9C959Y9	53020
n9i9X9j	9D9t9	O9P93909B	12407
9U9u9Z9L9	49W9o92	919z9N979w	10711
9dqqp	qeqMq	RqGqVqSqQ	57967
qlqxq	gqcqF	qkqaqvqyq	63545
bqCq5qY	qnqiqXqj	qDqtqOqPq	57460
3q0q	BqUquq	ZqLq4qWqoq	40736
2q1qzqNq	7qwq	dppepMpR	9323
pGpVpSp	Qplpxpgp	cpFpkpapv	78675
pypbpCp5	pYpnp	ipXpjpDpt	33393
pOpPp	3p0pBpUp	upZpLp4p	32372
Wpop2	p1pzp	Np7pwpdee	91951
MeReGeV	eSeQ	elexegece	79281
Feke	aevey	ebeCe5eYen	74028
eieXej	eDeteOe	Pe3e0eBeU	14178
eueZ	eLe4eW	eoe2e1eze	80375
Ne7ewe	dMMRM	GMVMSMQMl	68510
MxMgMcM	FMkMaMvMy	MbMCM5MY	98168
MnMiM	XMjMDMt	MOMPM3M0M	51986
BMUMu	MZMLM	4MWMoM2M1M	87044
zMNM7	MwMdRR	GRVRSRQRl	56904
RxRgRc	RFRkRaR	vRyRbRCR5	64657
RYRnR	iRXRjRDRt	RORPR3R0R	79132
BRURuR	ZRL	R4RWRoR2	5724
R1RzRNR7R	wRdGGVGSGQG	lGxGgGcGF	50295
GkGa	GvGyGbG	CG5GYGnGi	86886
GXGj	GDGtGO	GPG3G0GBG	27132
UGuGZ	GLG4G	WGoG2G1Gz	74105
GNG7GwG	dVVSVQ	VlVxVgVc	58877
VFVkV	aVvV	yVbVCV5VY	82675
VnViVX	VjVDVtVO	VPV3V0VBVU	73562
VuVZVL	V4VWVoV2V	1VzVNV7Vw	5919
VdSSQ	SlSxS	gScSFSkSa	20253
SvSySbS	CS5S	YSnSiSXSj	57119
SDStSO	SPS3S	0SBSUSuSZ	67716
SLS4S	WSoS2S	1SzSNS7Sw	49509
SdQQlQxQ	gQcQFQkQ	aQvQyQbQC	95609
Q5QY	QnQiQ	XQjQDQtQ	40317
OQPQ3Q0	QBQUQuQ	ZQLQ4QWQo	92431
Q2Q1QzQ	NQ7QwQdl	lxlglclF	15184
lklal	vlyl	blCl5lYln	67161
lilX	ljlDltl	OlPl3l0l	57769
BlUlu	lZlLl	4lWlol2l1l	93559
zlNl7lwld	xxgxc	xFxkxaxvx	80014
yxbx	Cx5	xYxnxixXx	14605
jxDx	txOx	Px3x0xBx	79518
UxuxZxL	x4xW	xox2x1xzx	18214
Nx7xwx	dggc	gFgkgagvg	90807
ygbg	Cg5gYgng	igXgjgDg	23357
tgOgPg	3g0gBg	UgugZgLg4g	16161
Wgog2g	1gzgNg7gwg	dccFckcac	6023
vcycbc	Cc5cYcnc	icXcjcDctc	39720
OcPc3	c0cBc	UcucZcLc	690
4cWcoc2c	1czcNc	7cwcdFFkF	46120
aFvFyFbF	CF5FYFnFiF	XFjFDFtFO	36812
FPF3F0	FBFUFuF	ZFLF4FWFoF	63195
2F1FzFN	F7FwF	dkkakvkyk	58395
bkCk5k	YknkikXk	jkDktkOkPk	37497
3k0k	BkUkuk	ZkLk4kWk	26514
ok2k1kz	kNk7kwk	daavayaba	90486
Ca5aYa	naiaXaj	aDataOaP	43241
a3a0aB	aUauaZa	La4aWaoa2a	31475
1azaNa	7awadv	vyvbvCv5vY	57813
vnvivX	vjvDvtvO	vPv3v0vBv	5525
UvuvZv	Lv4vW	vov2v1vzv	86042
Nv7vwv	dyyby	Cy5yYyny	81384
iyXyjyD	ytyOy	Py3y0yBy	75712
Uyu	yZyLy4y	Wyoy2y1yz	27457
yNy7y	wydbbC	b5bYbnbib	39984
XbjbD	btbObP	b3b0bBbUb	97066
ubZbL	b4bWb	ob2b1bzbN	88763
b7bwb	dCC5C	YCnCiCXC	49192
jCDCtCO	CPC3C0C	BCUCuCZCL	46001
C4CW	CoC2	C1CzCNC7Cw	66465
Cd55	Y5n5i5X	5j5D5t5O5	85425
P5350	5B5U5u	5Z5L545W5	7400
o5251	5z5N5	75w5dYYn	43095
YiYXYj	YDYtYOYPY	3Y0YBYUYuY	75873
ZYLY4YW	YoY2Y	1YzYNY7Y	85820
wYdnn	inXnjn	DntnOnPn3	55436
n0n	BnUnu	nZnLn4nWn	91052
on2n1	nznNn7nw	ndiiXijiDi	28344
tiOiPi3	i0i	BiUiuiZi	41155
Li4iW	ioi2	i1iziNi7i	4819
widX	XjXDXtXO	XPX3X0XB	47491
XUXu	XZXLX4	XWXoX2X1Xz	57061
XNX7	XwXdj	jDjtjOjPj	91027
3j0jBjUj	uj	ZjLj4jWjo	48964
j2j1jz	jNj7	jwjdDDtDO	22228
DPD3D	0DBDUD	uDZDLD4DW	63522
DoD	2D1DzD	ND7DwDdtt	52013
OtPt3	t0tBtUt	utZtLt4tW	90160
tot2t	1tztN	t7twtdOOP	23702
O3O0	OBOUOuO	ZOLO4OWOo	96426
O2O1Oz	ON	O7OwOdPP3	92573
P0PBP	UPuPZP	LP4PWPoP2	80601
P1PzPN	P7PwPd33	03B3U3u3Z3	40238
L343W3	o32313z	3N373w3d0	88409
0B0U	0u0Z0	L040W0o0	30917
2010z0N07	0w0dBBUB	uBZBLB4B	35541
WBoB2B	1BzB	NB7BwBdUU	93951
uUZULU	4UWUoU	2U1UzUNU7	12417
UwUdu	uZuLu4uWu	ou2u1uzu	78802
Nu7uwu	dZZLZ4ZWZ	oZ2Z1ZzZN	96561
Z7ZwZd	LL4LWL	oL2L1LzLN	75418
L7LwL	d44W4o	42414z4N4	40618
74w4	dWWoW2	W1WzWNW7W	36238
wWdo	o2o1	ozoNo7owo	63776
d2212	z2N272	w2d11z1N	40395
171w1d	zzNz7	zwzdNN7Nw	20259
Nd77w7	dwwdd88	I8A8T8m8r	71909
8H8s8f8	h8	'8J8/8E868	84599
K898	q8p8e8M8	R8G8V8S8Q	90520
8l8x8g8	c8F8k8	a8v8y8b8C	22328
858Y	8n8i8X8	j8D8t8O8P	239
8380	8B8U8u	8Z8L848W	58767
8o828	18z8N8	78w8dIIAI	56438
TImIrI	HIsIfIhI	'IJI/IEI6	51349
IKI9Iq	Ip	IeIMIRIGI	50343
VISIQ	IlIxIg	IcIFIkIaIv	63754
IyIbICI5	IYInIiI	XIjIDItI	29387
OIPI	3I0IBIU	IuIZILI4IW	16743
IoI2I1I	zINI7IwI	dAATAmArAH	3046
AsAfAh	A'AJA/AE	A6AKA9AqA	2095
pAeAMAR	AGAVASA	QAlAxAgAc	91154
AFAk	AaAvAyAb	ACA5AYAnAi	48976
AXAjADA	tAOAPA	3A0ABAUAu	65165
AZALA4	AWAoA	2A1AzANA7	63610
AwAdT	TmTrTHTsT	fThT'TJT/	57996
TET6T	KT9TqTpT	eTMTRTGTV	55560
TSTQTlT	xTgTcT	FTkTaTvTyT	24476
bTCT5T	YTnTiT	XTjTDTtT	29221
OTPT3T0T	BTUTuTZT	LT4TWToT2	23115
T1Tz	TNT7TwTd	mmrmHmsmf	21078
mhm'mJ	m/mEm6	mKm9mqmpm	15056
emMmRm	GmVmSmQml	mxmgmcmF	62614
mkmamvmy	mbmCm5mY	mnmimXmj	64704
mDmtmO	mPm3m0	mBmUmumZm	85240
Lm4mWm	om2m1m	zmNm7mwmd	425
rrHrs	rfrhr'	rJr/rEr6r	56350
Kr9rq	rprerMrR	rGrVrSrQr	51873
lrxrgr	crFr	krarvryrb	5263
rCr5r	Yrnrir	XrjrDrtrO	12706
rPr3r0	rBrUr	urZrLr4rW	8814
ror2	r1rzrNr	7rwrdHHsH	85895
fHhH'	HJH/	HEH6HKH9Hq	56239
HpHeHM	HRHG	HVHSHQHlH	60207
xHgHcH	FHkHaHvHy	HbHCH5HYHn	18328
HiHXH	jHDHt	HOHPH3H0	73003
HBHUHuHZ	HLH4H	WHoH2H1Hz	64424
HNH7HwH	dss	fshs'sJs/	23299
sEs6sKs	9sqsp	sesMsRsG	50542
sVsSs	Qslsx	sgscsFsks	34551
asvsys	bsCs	5sYsnsisXs	55108
jsDst	sOsPs3	s0sBsUsus	20049
ZsLs4sWs	os2s1s	zsNs7sws	99252
dffhf'	fJf/fE	f6fKf9fqf	88974
pfefMf	RfGfVfSf	Qflfxfgfc	37376
fFfkfa	fvfyfbfC	f5fYfnfif	48192
Xfjf	DftfOfP	f3f0fBfUf	16042
ufZfLf	4fWfof2f1	fzfNf7fwf	70567
dhh'h	Jh/hE	h6hKh9hqh	63792
phehMh	RhGhV	hShQhlhx	57188
hghchF	hkhahv	hyhbhCh5h	7376
Yhnhih	Xhjh	DhthOhPh3	95604
h0hBhUhu	hZhLh	4hWhoh2h	47983
1hzhNh7	hwhd'	'J'/'E'6'K	22194
'9'q'p	'e'M'	R'G'V'S'Q	24311
'l'x'	g'c'F'	k'a'v'y'b'	51073
C'5'Y'n'i	'X'j'D't'	O'P'3'0'B'	8564
U'u'Z'L	'4'W'o	'2'1'z'N'	943
7'w'dJJ/	JEJ6JKJ	9JqJpJeJM	63225
JRJGJ	VJSJQJ	lJxJgJcJ	29293
FJkJ	aJvJyJbJ	CJ5JYJnJi	85858
JXJjJDJ	tJOJPJ3	J0JBJUJuJ	4867
ZJLJ4	JWJoJ2	J1JzJNJ7	88305
JwJd//	E/6/K/9/	q/p/e/M/R	91752
/G/V	/S/Q/l	/x/g/c/F/	46145
k/a/v/y	/b/C/5/Y/n/	i/X/j/D/t/	66396
O/P/3/	0/B/U	/u/Z/L/4/	5246
W/o	/2/1/	z/N/7/w/d	74175
EE6EK	E9EqE	pEeEMEREG	17851
EVESE	QElEx	EgEcEFEkE	14570
aEvEyEbE	CE5EYE	nEiEXEjED	76976
EtEOEP	E3E0EBEU	EuEZELE4	18942
EWEoE2E	1EzEN	E7EwEd66K6	21461
96q	6p6e6M6	R6G6V6S6Q	35729
6l6x6g	6c6	F6k6a6v6	10888
y6b6C65	6Y6n6	i6X6j6D6t	91976
6O6P6	3606B6U	6u6Z6L64	18285
6W6o	62616	z6N676w6d	18619
KK9KqKpKeKM	KRKGKV	KSKQKlKxKg	29671
KcKFKk	KaKvKy	KbKCK5KYK	45489
nKiK	XKjKDKtK	OKPK3K0KB	94271
KUKuK	ZKLK4KWKoK2	K1KzKNK7K	77088
wKd99q	9p9e	9M9R9G9V9S	37106
9Q9l9x9	g9c9F9k	9a9v9y9b9	53985
C959Y9	n9i9X	9j9D9t9O	8997
9P93	909B9U	9u9Z9L949	48410
W9o9291	9z9N97	9w9dqqpqe	89542
qMqRq	GqVq	SqQqlqxqg	88860
qcqFqk	qaqvqy	qbqCq5qYq	31236
nqiqX	qjqD	qtqOqPq3q	24813
0qBqU	quqZq	Lq4qWqoq	47447
2q1qzqN	q7qwq	dppepMpR	47581
pGp	VpSpQpl	pxpgpcpF	83651
pkpapv	pypbp	Cp5pYpnp	17980
ipXpj	pDpt	pOpPp3p0	39584
pBpUpu	pZpLp4pWp	op2p1pzpNp	34284
7pwpde	eMeRe	GeVeSeQe	48764
lexegeceF	ekeaev	eyebeCe5eY	62418
eneieXe	jeDeteOeP	e3e0eBeUe	22852
ueZeL	e4eWeoe2	e1ezeNe7	27327
ewedMMR	MGMV	MSMQMlMx	11366
MgMcM	FMkMaMvM	yMbMCM5MYM	49274
nMiMXMj	MDMtMOMP	M3M0MBMUM	23313
uMZMLM4MWMo	M2M1MzM	NM7MwMdR	27797
RGRVRSRQRl	RxRgRcRF	RkRaRvRyR	82194
bRCR5RY	RnRiR	XRjRDRtRO	97454
RPR3R0	RBRURu	RZRLR4RWRo	22104
R2R1	RzRNR7Rw	RdGGVGSGQG	16399
lGxG	gGcGFG	kGaGvGyG	84060
bGCG5	GYGnGi	GXGjGDGtG	8376
OGPG	3G0GBG	UGuGZGLG4	73144
GWGoG	2G1GzGNG7	GwGdVVSVQV	39572
lVxVg	VcVFVkV	aVvVyVbVC	90497
V5VYVn	ViVXVjVD	VtVOVPV3	7948
V0VBVU	VuVZV	LV4VWVoV2	51587
V1VzV	NV7VwV	dSSQSlSx	34213
SgScS	FSkSa	SvSySbSCS	9056
5SYS	nSiSXSjSDS	tSOSPS3S0	36938
SBSU	SuSZSLS	4SWSoS2S1	93963
SzSNS7	SwSdQQ	lQxQgQcQ	98352
FQkQa	QvQyQbQCQ	5QYQnQiQX	97728
QjQDQ	tQO	QPQ3Q0QBQ	83077
UQuQZQ	LQ4QWQo	Q2Q1QzQNQ	81531
7QwQ	dllxlglcl	Flklalvly	56327
lblCl5lY	lnlil	XljlDltlO	94550
lPl3	l0lBlU	lulZlLl4	79275
lWlol	2l1lzl	Nl7lwldxxg	47634
xcxFx	kxaxvx	yxbxCx5xY	8544
xnxi	xXxjxD	xtxOxPx3	32096
x0xBx	UxuxZxL	x4xWxox2x1	87062
xzxNx	7xwxdg	gcgFgkgag	57263
vgygb	gCg5gY	gngigXgjg	99841
DgtgO	gPg3g0gB	gUgugZgL	90714
g4gWgo	g2g1gz	gNg7gwgdc	38015
cFckc	acvcyc	bcCc5cYc	92140
ncicXcj	cDctcO	cPc3c0cB	41032
cUcucZ	cLc4cWcoc	2c1czcNc7	56803
cwcdFF	kFaFvFyF	bFCF5FYFn	90229
FiFX	FjFDFtF	OFPF3F0F	14513
BFUFuFZ	FLF4FWFo	F2F1FzFNF	31315
7FwF	dkkakvkykb	kCk5kYknk	69951
ikXk	jkDktkOk	Pk3k0kBkUk	465
ukZk	Lk4kW	kok2k1kzk	76622
Nk7kw	kdaa	vayabaCa5	73291
aYana	iaXaja	DataOaPa3	62210
a0aB	aUauaZa	La4aWaoa2	32997
a1azaNa	7awadv	vyvbvCv5v	51573
Yvnvi	vXvjvDv	tvOvPv3v0	70594
vBvUv	uvZvLv4vW	vov2v1vzv	76107
Nv7v	wvdyyb	yCy5yYyny	41788
iyXyjy	DytyO	yPy3y0yByU	61110
yuyZyL	y4yWyo	y2y1yzyNy	39404
7ywydb	bCb5bYb	nbibXbjbDb	14080
tbObPb	3b0bBbU	bubZbLb4b	7042
Wbob2	b1bzbNb7	bwbdCC5CY	22917
CnCiC	XCjCDC	tCOCPC3C	37736
0CBCU	CuCZCLC4CW	CoC2C1Cz	33502
CNC7CwCd5	5Y5n5i5	X5j5D5t5	89064
O5P53	505B5U5u	5Z5L545W	57042
5o525	15z5N5	75w5dYYnY	24146
iYXYjYD	YtYOYPY	3Y0YBYUYu	41620
YZYL	Y4YW	YoY2Y1YzY	1927
NY7YwY	dnnin	XnjnDntnO	4912
nPn3n	0nBnUnu	nZnLn4nWn	21671
on2n1n	znNn7nwnd	iiXijiDi	11392
tiOiPi3	i0iBiU	iuiZiLi4i	97714
Wioi2i	1izi	Ni7iwidXX	91000
jXDXtX	OXPX3X0XBXUX	uXZXLX4X	14078
WXoX	2X1XzX	NX7XwXdj	70859
jDjtjOj	Pj3j0jBj	UjujZjLj4	65294
jWjoj2j	1jzjNj7j	wjdDDtDOD	69946
PD3D	0DBDUD	uDZDLD4DW	19914
DoD2D1	DzDND7D	wDdttOtPt	31825
3t0t	BtUtu	tZtLt4tW	61819
tot2t1t	ztNt	7twtdOOPO	4441
3O0	OBO	UOuOZOLO4	8519
OWOoO2O1O	zONO7	OwOdPP3P0	63393
PBPUPuP	ZPLP4PW	PoP2P1PzP	72629
NP7P	wPd33	03B3U3u3Z	52651
3L34	3W3o32	313z3N373	67260
w3d00B	0U0u0	Z0L040W0	95050
o020	10z0	N070w0dBBU	1534
BuBZBL	B4BWBoB2	B1BzBNB7	87752
BwBd	UUuUZUL	U4UWUoU2U	41722
1UzUNU	7UwUduuZu	Lu4uWuou2	32881
u1uzuN	u7uwu	dZZLZ4ZW	66892
ZoZ2	Z1ZzZNZ7Z	wZdLL4LWL	40501
oL2L	1LzLN	L7LwLd44W4	58155
o42414	z4N474	w4dWWoW2	89823
W1WzWNW7	WwWdoo	2o1ozoNo7	31913
owod	2212z2	N272w2d11	44602
z1N17	1w1d	zzNz7zwzd	46541
NN7Nw	Nd77	w7dwwdd8	46860
8I8A8T	8m8r8H	8s8f8h8'8J	23259
8/8E86	8K89	8q8p8e8M8R	18800
8G8V8S	8Q8l8	x8g8c8F8k	41678
8a8v	8y8b8C8	58Y8n8i8	55484
X8j8D	8t8O8P8	3808B8U8u8	22972
Z8L848	W8o828	18z8N878w8	79401
dIIAIT	ImIrIH	IsIfIhI'I	21092
JI/IE	I6IKI9Iq	IpIeIMIRI	97660
GIVISIQ	IlIxIgIcIFI	kIaIvIyIb	31859
ICI5IY	InIiI	XIjIDItI	80937
OIPI3I0	IBIUIu	IZILI4IWI	30560
oI2I1Iz	INI7IwI	dAATAmArA	98221
HAsA	fAhA	'AJA/AEA	98208
6AKA9	AqApA	eAMARAGAV	82460
ASAQ	AlAx	AgAcAFAk	70564
AaAv	AyAbA	CA5AYAnA	31474
iAXAjAD	AtAOA	PA3A0ABAU	48452
AuAZA	LA4AW	AoA2A1AzA	88846
NA7Aw	AdTT	mTrTHTsTf	87466
ThT'T	JT/TE	T6TKT9TqT	76119
pTeTMT	RTGTV	TSTQTlTxT	62519
gTcTF	TkTaTvT	yTbTCT5TY	64009
TnTiTXT	jTDTtTO	TPT3T0TBT	87820
UTuT	ZTLT4	TWToT2T1T	26374
zTNT7	TwTdmmr	mHmsmfmhm	85642
'mJm/m	Em6mKm9mq	mpmemMmRm	66902
GmVmS	mQmlmx	mgmcmFmkm	95135
amvm	ymbmCm	5mYmnmimX	53510
mjmDmt	mOmPm3m	0mBmUmumZm	4790
Lm4mWmo	m2m1mzmN	m7mwmdrrH	97052
rsrfrh	r'rJr	/rEr6rKr9	52631
rqrp	rerMrRr	GrVrSrQrl	79471
rxrgrc	rFrkrar	vryrbrCr5	64241
rYrn	rirXrjrDr	trOrPr3r0r	98442
BrUr	urZrLr4rW	ror2r1rzrN	35489
r7rwr	dHHs	HfHhH'HJH/	26196
HEH6	HKH9HqH	pHeHMHRHG	33420
HVHSH	QHlH	xHgHcHFHk	8847
HaH	vHyHbH	CH5HYHnH	87232
iHXHjHD	HtHOHP	H3H0HBHUH	99326
uHZHL	H4HWH	oH2H1HzHNH	75080
7HwHdss	fshs's	Js/sEs6sK	45834
s9sqs	pses	MsRsGsVsS	34413
sQsls	xsgscsFsk	sasvsysbsC	90573
s5sYsns	isXsjs	DstsOsPs3	86307
s0s	BsUsus	ZsLs4sWso	25557
s2s1s	zsNs7swsdf	fhf'fJf/f	49029
Ef6fKf9	fqfpfefM	fRfGfVfSfQ	68895
flfxfgfc	fFfkfa	fvfyfbfC	2162
f5fYfnf	ifXfjfD	ftfOfPf3f	62103
0fBf	Ufu	fZfLf4fWf	99562
of2f1	fzfN	f7fwfdhh'	96557
hJh/	hEh6h	Kh9hqhphe	89752
hMhRh	GhVhSh	Qhlhxhghc	26412
hFhkha	hvhyhb	hCh5hYhnh	93429
ihXh	jhDht	hOhPh3h0h	1086
BhUhu	hZhL	h4hWhoh2	38134
h1h	zhNh7h	whd''J'/'E	4890
'6'K'	9'q'p'	e'M'R'G'V	313
'S'Q'l	'x'g'c'F	'k'a'v'y	6439
'b'C'5	'Y'n'	i'X'j'D't	60783
'O'P	'3'0'B'U	'u'Z'L'4	73120
'W'o'	2'1'z'N'7	'w'dJJ/JEJ	20756
6JKJ9J	qJpJeJ	MJRJGJVJS	54760
JQJlJx	JgJcJ	FJkJaJvJyJ	21008
bJCJ5	JYJnJiJXJ	jJDJtJOJP	99536
J3J0JBJ	UJuJZJLJ4JW	JoJ2J1Jz	13800
JNJ7	JwJd//	E/6/K/9/	40189
q/p/e	/M/R/	G/V/S/Q/l	87424
/x/g	/c/F	/k/a/v/y/b	41759
/C/5	/Y/n/i/	X/j/D/t/O	46564
/P/3/	0/B/U	/u/Z/L/4/	47920
W/o/2/	1/z/N/7/w	/dEE6EKE9	44617
EqEpE	eEMEREGEV	ESEQElEx	18880
EgEcEF	EkEaEvE	yEbECE5EY	88454
EnEiEX	EjEDEtE	OEPE3E0E	93558
BEUEu	EZELE4	EWEoE2E1E	92331
zENE	7EwEd	66K696q6p	18988
6e6M6R	6G6V6S	6Q6l6x6g6c	23533
6F6k6	a6v6y	6b6C656Y6	85424
n6i6X6	j6D6t	6O6P63606B	3962
6U6u6Z	6L646W	6o62616z6	84776
N676w6dK	K9KqKpKeKM	KRKGKVKS	59799
KQKlK	xKgKcKFK	kKaKvKyKb	25887
KCK5	KYKnKiKXK	jKDKtKOKP	16230
K3K0KBK	UKuKZK	LK4KWKoK2K	69237
1KzKNK7	KwKd99	q9p9e9M9R9	70246
G9V9S9Q	9l9x9g	9c9F9k9a9	89068
v9y	9b9C959Y	9n9i9X9j9	95931
D9t9O	9P93909B	9U9u9Z9L9	21109
49W9o92	919z9N979	w9dqqpqeq	20544
MqRqGq	VqSqQql	qxqgqcqF	42955
qkqaqv	qyqbq	Cq5qYqnqi	51687
qXqjqDqtq	OqPq3q0q	BqUquqZqL	81224
q4qWq	oq2q1qz	qNq7qwqdp	92161
pepMpRp	GpVpSpQ	plpxpgpc	30040
pFpkpa	pvpypb	pCp5pYpnpi	36599
pXpjp	DptpOpPp3p0	pBpUpupZpL	51602
p4pWp	op2p1pz	pNp7pwpde	19192
eMeReGe	VeSeQel	exegeceFe	7154
kea	eveyebeCe5e	YeneieXe	56847
jeDeteOeP	e3e0eB	eUeueZeLe4	56243
eWeo	e2e1ezeN	e7ewedMMR	26024
MGMVMS	MQMlM	xMgMcMFMk	51518
MaMvMy	MbMC	M5MYMnMi	34586
MXMjMD	MtMOMP	M3M0MBMUMu	83305
MZML	M4MWMoM	2M1MzMNM7M	79904
wMdRRGR	VRSRQR	lRxRgRcRF	31469
RkRaRvRyR	bRCR5R	YRnRiRXRjR	99847
DRtRO	RPR3R0	RBRURuRZRL	54241
R4RWRoR	2R1Rz	RNR7RwRdG	48141
GVGSGQG	lGxGg	GcGFGkGaG	85786
vGyGbG	CG5G	YGnGiGXGj	46041
GDGtG	OGPG	3G0GBGUGu	22910
GZGLG4G	WGoG2G1G	zGNG7GwGd	36765
VVSVQV	lVxVg	VcVFVkVaV	53530
vVyVbV	CV5V	YVnViVXVj	62914
VDVtVOV	PV3V0V	BVUVuVZV	30370
LV4VWVoV2	V1Vz	VNV7VwVd	50919
SSQSlSx	SgScSF	SkSaSvSyS	81454
bSCS5SY	SnSiSXSj	SDStSOSPS	41670
3S0SBS	USuSZ	SLS4SWSoS	4305
2S1Sz	SNS7SwS	dQQlQxQgQ	49730
cQFQkQaQ	vQyQbQ	CQ5QYQnQi	43952
QXQjQ	DQtQO	QPQ3Q0QBQ	9526
UQuQZ	QLQ4Q	WQoQ2Q1Qz	76715
QNQ7	QwQdll	xlglclFlk	20655
lalvly	lblCl	5lYlnlilX	98636
ljlDlt	lOlPl	3l0lBlUlul	71968
ZlLl4l	Wlol2	l1lzlNl7l	22070
wldxxg	xcxFxkx	axvxyxbxCx	93245
5xYxnxix	XxjxDxtxO	xPx3x0xB	57517
xUxuxZx	Lx4xWxox2x	1xzxNx7x	9730
wxdggcg	Fgkgagv	gygbgCg5	45908
gYgng	igXgjgD	gtgOgPg3g0	70572
gBgUgug	ZgLg4g	Wgog2g1g	92387
zgNg	7gwgdccF	ckcacvcy	49505
cbcC	c5cYcnc	icXcjcDc	14727
tcOcPc	3c0cBcU	cucZcLc4c	77289
Wcoc2	c1czcNc7cwc	dFFkFaFvF	66083
yFbFC	F5FYFnFi	FXFjFDFtF	12809
OFPF3F0F	BFUFuF	ZFLF4FWFo	84032
F2F1F	zFNF7	FwFdkkakv	31027
kykbk	Ck5kY	knkikXkjk	12008
DktkOk	Pk3k0k	BkUkukZkL	27406
k4kWk	ok2k	1kzkNk7kw	85974
kdaavay	abaCa5aYa	naiaXajaD	70091
ataOaP	a3a0a	BaUauaZaL	3378
a4aWa	oa2a1a	zaNa7awad	77226
vvyvbvC	v5vYv	nvivXvjvD	36272
vtvOvPv	3v0vBvUvuvZ	vLv4vWvo	42817
v2v1vzv	Nv7vwv	dyybyCy5	18746
yYynyi	yXyjyDy	tyOyPy3y0	29443
yBy	UyuyZyLy	4yWyoy2y1	95979
yzyNy	7ywydbb	Cb5bYbnbi	10981
bXbj	bDbtb	ObPb3b0bB	32021
bUbubZ	bLb4b	Wbob2b1bz	81153
bNb7bwb	dCC5CY	CnCiCXCjC	52784
DCtCOCP	C3C0C	BCUCuCZCL	33161
C4CW	CoC2C	1CzCNC7Cw	4560
Cd55Y	5n5i5X	5j5D5t5O5P	31400
5350	5B5U5u	5Z5L545W5	87690
o5251	5z5N5	75w5dYYnYi	86069
YXYjYDYtYOY	PY3Y0	YBYUYuYZYL	52421
Y4YWYo	Y2Y1Y	zYNY7YwY	52010
dnninXn	jnDn	tnOnPn3n0	87362
nBnUnu	nZnLn4n	Wnon2n1nz	23838
nNn7nw	ndiiX	ijiDitiOi	81921
Pi3i0	iBiU	iuiZiLi4i	96012
Wioi2	i1iziNi7	iwidXXjXD	31556
XtXOX	PX3X0	XBXUXuXZX	33306
LX4XWXo	X2X1XzXNX7	XwXdjjDjtj	57035
OjPj3j0	jBjUju	jZjLj4jW	68213
joj2j	1jzj	Nj7jwjdDD	6912
tDODP	D3D0DB	DUDuDZDLD4	89889
DWDoD	2D1DzDND7	DwDdttOtP	47180
t3t0t	BtUtut	ZtLt4tWto	57913
t2t	1tztNt	7twtdOOPO3	65924
O0OBOU	OuOZOL	O4OWOoO2	61415
O1Oz	ONO7	OwOdPP3P	86707
0PBPUPu	PZPLP	4PWPoP2P1	80272
PzPNP7P	wPd330	3B3U3u3Z3	40169
L343W3	o3231	3z3N373w	90274
3d00B	0U0u0	Z0L040W0o	40216
0201	0z0N070	w0dBBUBuB	2855
ZBLB	4BWBoB	2B1BzBNB7	56699
BwBd	UUuUZU	LU4UWUoU2	68703
U1Uz	UNU7UwUdu	uZuLu4uWuo	66637
u2u1u	zuNu7	uwudZZLZ4Z	53089
WZoZ2Z1	ZzZNZ7Z	wZdLL4LWLo	48534
L2L1	LzLNL	7LwLd44W4o	56111
4241	4z4N474w4	dWWoW2W1	13886
WzWNW7W	wWdoo2o1	ozoNo7ow	37278
od22	12z2N27	2w2d11z1N1	54696
71w1dz	zNz7zwz	dNN7NwNd7	54694
7w7	dwwdd8	8I8A8T8m8r	62789
8H8s8f8h	8'8J8	/8E868K89	21589
8q8p8	e8M8R	8G8V8S8Q8	12432
l8x8g8c	8F8k8a	8v8y8b8C85	62064
8Y8n8i	8X8j8D8	t8O8P838	72789
08B8U8u	8Z8L	848W8o828	58290
18z8N8	78w8dII	AITImIrIHI	21370
sIfIh	I'IJI	/IEI6IKI	67318
9IqI	pIeIM	IRIGIVISI	22086
QIlIxIg	IcIFIk	IaIvIyIbIC	423
I5IY	InIiIXIj	IDItIOIP	86998
I3I0I	BIUIuI	ZILI4IWIo	59080
I2I1I	zINI	7IwIdAATA	25085
mArA	HAsAfA	hA'AJA/AE	32706
A6AKA9A	qApA	eAMARAGAV	28140
ASAQAlA	xAgAcA	FAkAaAvAy	84153
AbACA	5AYAn	AiAXAjADA	70804
tAOAPA3	A0ABAU	AuAZALA4	42211
AWAoA	2A1AzA	NA7AwAdTT	26359
mTrTH	Ts	TfThT'TJT	45327
/TET	6TKT9T	qTpTeTMTR	14471
TGTV	TSTQTlTx	TgTcTFTkT	19688
aTvTyTbT	CT5TYTnT	iTXTjTDTtT	11180
OTPT	3T0TBT	UTuTZTLT4	3414
TWToT2T1	TzTNT7	TwTdmmrm	29326
Hmsmfm	hm'mJm/	mEm6mKm9m	97721
qmpmemM	mRmGmVmSm	Qmlmxmgm	67940
cmFmkm	amvmym	bmCm5mYmn	96672
mimXmj	mDmtmOmP	m3m0mBmUm	26805
umZ	mLm4	mWmom2m1mz	69551
mNm7mwm	drrH	rsrfrhr'r	83176
Jr/r	Er6rKr9	rqrprerMr	50548
RrGrV	rSr	Qrlrxrgrc	50018
rFrk	rarvryrbrCr	5rYrnrir	50057
XrjrDrt	rOrP	r3r0rBrUru	50118
rZrLr4	rWror	2r1rzrNr	2431
7rwrdH	HsHfH	hH'HJH/HE	78570
H6HKH	9HqHpHeH	MHRHGHVHS	29187
HQHlHxH	gHcHF	HkHaHvHyH	73478
bHC	H5HY	HnHiHXHjH	74154
DHtHOH	PH3H0H	BHUHuHZH	98374
LH4HWHo	H2H1HzH	NH7HwHdss	27933
fshs's	Js/sEs6	sKs9sqsp	99072
sesMs	RsGsVs	SsQslsxs	92511
gscsFs	ksasvsys	bsCs5sYsn	6993
sisXs	jsDstsOsP	s3s0sBsUsu	55515
sZsLs4	sWsos2s	1szsNs7s	61792
wsdffhf'f	Jf/fE	f6fKf9fqf	12708
pfef	MfRfGf	VfSfQflfx	11041
fgfc	fFfkf	afvfyfbfCf	46164
5fYfnfi	fXfjf	DftfOfPf3	48682
f0fBf	UfufZ	fLf4fWfof	92190
2f1fzfN	f7fw	fdhh'hJh/	59159
hEh6hK	h9hqhphe	hMhRhGhVh	35429
ShQhlh	xhgh	chFhkhahv	95873
hyhbhCh	5hYhnhi	hXhjhDhth	72447
OhPh3h0hBhU	huhZ	hLh4hWhoh	87325
2h1hz	hNh7h	whd''J'/'	88378
E'6'	K'9'q'	p'e'M'R'	37304
G'V'S'	Q'l'x'	g'c'F'k'	63933
a'v'y'	b'C'5'	Y'n'i'X'	41910
j'D't	'O'P'3'0	'B'U'u'Z'	3707
L'4'W'o	'2'1'z'N'	7'w'dJJ/	6775
JEJ6JKJ	9JqJ	pJeJMJRJ	81640
GJVJSJQ	JlJxJ	gJcJFJkJa	73865
JvJyJbJ	CJ5JYJ	nJiJXJjJD	79304
JtJO	JPJ3J	0JBJUJuJZJ	7293
LJ4JWJo	J2J1J	zJNJ7JwJd	57877
//E/6/K	/9/q/	p/e/M/R/G	20297
/V/S/	Q/l/x/g/	c/F/k/a/v/	94435
y/b/C	/5/Y/n/i/X	/j/D/t/O/	75757
P/3/	0/B/U/u	/Z/L/4/W	24104
/o/2/1/z	/N/7/w	/dEE6EKE9	64866
EqEpEeEME	REGEVES	EQElExEgEc	50096
EFEk	EaEvE	yEbECE5EY	94973
EnEiEX	EjEDEt	EOEPE3E0E	84734
BEUE	uEZELE4E	WEoE2E1Ez	53897
ENE7E	wEd66K	696q6p6e6	21958
M6R6G6V	6S6Q6l	6x6g6c6F6k	80082
6a6v	6y6b6	C656Y6n6i6	74578
X6j6	D6t6	O6P63606B	60245
6U6u6Z	6L646W6	o62616z6N6	8765
76w6dKK	9KqKpKe	KMKRKGKVK	9659
SKQKlK	xKgKcKF	KkKaKvKyKb	13128
KCK5KY	KnKiKX	KjKDKtKOKP	11359
K3K0KBK	UKuKZKL	K4KWKoK2K	49363
1KzKN	K7KwKd	99q9p9e9	54580
M9R9G9	V9S9Q9l9	x9g9c9F9k	18311
9a9v9y9b9	C959Y9	n9i9X9j9	48137
D9t9O	9P93909	B9U9u9Z9L	47007
949W9o	92919z	9N979w9dq	23207
qpqe	qMqR	qGqVqSqQq	28314
lqxq	gqcqFqk	qaqvqyqbq	50695
Cq5qYq	nqiq	XqjqDqtqO	20121
qPq3q0q	BqUq	uqZqLq4qW	28623
qoq2q1q	zqNq7q	wqdppepMp	62990
RpGpV	pSpQplpx	pgpcpFpkp	49914
apvpypb	pCp5pYpn	pipXpjpDp	26454
tpO	pPp3p0p	BpUpupZp	61322
Lp4pW	pop2p	1pzpNp7pw	26049
pdee	MeRe	GeVeSeQele	90378
xeg	eceFeke	aeveyebe	2636
Ce5e	Yeneie	XejeDeteO	13773
ePe3e0e	BeUeu	eZeLe4eWeo	65182
e2e1e	zeNe	7ewedMMRM	47743
GMVMSM	QMlMxMg	McMFMkMaM	34382
vMyMbMC	M5MYMn	MiMXMjMDMt	1797
MOMPM3M0	MBMU	MuMZMLM4M	5464
WMoM2M1	MzMNM7	MwMdRRGR	74544
VRSRQ	RlRxRg	RcRFRkRaR	69987
vRyRbRC	R5RYR	nRiRXRjRD	64775
RtRORPR3	R0RBRUR	uRZRLR4RW	53162
RoR2R1R	zRNR7RwR	dGGVGSGQG	95710
lGxGgG	cGFGkG	aGvGyGbGC	20437
G5GYG	nGiGXGjGD	GtGOGPG3G	17462
0GBGUG	uGZGL	G4GWGoG2G	86259
1GzGNG	7GwGd	VVSVQVlV	74995
xVgVcV	FVkVa	VvVyVbVCV	13666
5VYVn	ViVXVjVD	VtVOVPV3V	94304
0VBVU	VuVZVLV	4VWVoV2V1V	27872
zVNV7Vw	VdSS	QSlSxSgSc	29881
SFSkSaSv	SySbS	CS5SYSnS	91541
iSXSjSD	StSOSPS	3S0SBSUSu	76127
SZSL	S4SWS	oS2S1SzSNS	8010
7SwS	dQQlQx	QgQcQFQkQ	58918
aQvQ	yQbQCQ	5QYQnQiQX	74176
QjQ	DQtQOQ	PQ3Q0QBQ	30740
UQuQZQLQ	4QW	QoQ2Q1QzQ	28190
NQ7QwQ	dll	xlglclFlkl	2512
alvlylb	lCl5l	YlnlilXl	88447
jlDltl	OlPl3	l0lBlUlulZ	59190
lLl4l	Wlol2l	1lzlNl7lw	46713
ldxxgx	cxFxkx	axvxyxbxC	15614
x5xYxnxi	xXxjx	DxtxOxPx3	57768
x0xBxUxu	xZxLx4xW	xox2x1xzx	88103
Nx7	xwxdggc	gFgkgagvgy	47055
gbgCg	5gYg	ngigXgjgD	3568
gtgOgPg	3g0gBg	UgugZgLg	25660
4gWgo	g2g1gzgN	g7gwgdccF	75624
ckcac	vcycb	cCc5cYcnc	17999
icXcj	cDctc	OcPc3c0cBc	94322
UcucZcL	c4cWc	oc2c1czcN	60779
c7cwcdFFk	FaFvFyFb	FCF5FYFnFi	54013
FXFj	FDFtF	OFPF3F0FB	63099
FUF	uFZFLF4	FWFoF2F1Fz	84328
FNF7	FwFdkk	akvkykbkC	41510
k5kYk	nkikXkjk	DktkOkPk3	66399
k0kBkU	kukZkLk4	kWkok2k1k	8362
zkNk7kwk	daavay	abaCa5aYan	99442
aiaXa	jaData	OaPa3a0aB	46847
aUaua	ZaLa4a	Waoa2a1az	76846
aNa7	awadvv	yvbvCv5v	88290
Yvnvi	vXvjvDvt	vOvPv3v0v	41840
BvUv	uvZvL	v4vWvov2	15608
v1vzvNv	7vwvd	yybyCy5y	61798
YynyiyX	yjyDy	tyOyPy3y0	24569
yByUyuyZ	yLy4yW	yoy2y1yzy	93029
Ny7yw	ydbbCb5b	YbnbibXbj	29743
bDbtb	ObPb	3b0bBbUb	52285
ubZb	Lb4bW	bob2b1bz	94081
bNb7b	wbdCC5	CYCnCiCXC	76666
jCDCtC	OCPC	3C0CBCUCuC	31098
ZCLC4CW	CoC2C	1CzCNC7Cw	75260
Cd55Y5	n5i5X5	j5D5t5O5P	13251
53505B	5U5u5Z	5L545W5o52	34059
515z5N5	75w5dYY	nYiYXYjYDY	77545
tYOYPY3	Y0YBYUY	uYZYLY4YW	85298
YoY2Y1Y	zYNY7	YwYdnninX	34418
njnDnt	nOnPn3n	0nBnUnunZ	3726
nLn4n	Wnon2	n1nznNn7n	79808
wndiiXi	jiDitiO	iPi3i0iBi	27627
UiuiZ	iLi4	iWioi2i1iz	20375
iNi7iwi	dXXjX	DXtXOXPX3	57304
X0XBXUX	uXZXLX	4XWXoX2X1	17741
XzXNX	7XwXd	jjDjtjOj	58531
Pj3j	0jBjU	jujZjLj4j	20794
Wjoj2	j1jz	jNj7jwjdD	83624
DtDODPD3	D0DBDU	DuDZDLD4D	62979
WDoD2D1	DzDND7	DwDdttOtP	25721
t3t0tBt	UtutZtL	t4tWtot2	40193
t1tzt	Nt7twt	dOOPO3O0O	47116
BOUOuOZ	OLO4	OWOoO2O1O	84852
zONO7	OwOdPP3P	0PBPUPuPZP	17527
LP4	PWPoP	2P1PzPNP	23244
7PwP	d3303	B3U3u3Z3	19997
L343W3o	32313	z3N373w3d	79117
00B0U	0u0Z0	L040W0o02	882
010z0N	070w0d	BBUBuBZBL	88184
B4BW	BoB2B1B	zBNB7BwBd	55558
UUuU	ZULU4UW	UoU2U1UzU	89649
NU7Uw	UduuZuL	u4uWuou2u	78238
1uzuNu7	uwudZZLZ	4ZWZoZ2Z	99866
1ZzZ	NZ7ZwZ	dLL4LWLoL	94132
2L1LzL	NL7LwL	d44W4o424	52266
14z4N47	4w4dWW	oW2W1WzWN	94398
W7WwW	doo2o	1ozoNo7ow	57290
od221	2z2N	272w2d11z	15966
1N171w1	dzzNz7zw	zdNN7NwNd	78449
77w7	dwwdd8	8I8A8T8m8	44167
r8H8s8f	8h	8'8J8/8E8	67128
68K898	q8p	8e8M8R8G	96381
8V8S8Q8	l8x8g8	c8F8k8a8	72302
v8y8b8	C858Y8	n8i8X8j8D8	70450
t8O8	P83808	B8U8u8Z8L	73148
848W8o8	2818z8N	878w8dIIA	98921
ITImI	rIHIsIf	IhI'IJI/I	78209
EI6IKI9I	qIpIeI	MIRIGIVIS	94628
IQIlIxI	gIcIFIkI	aIvIyIbICI	9011
5IYIn	IiIXI	jIDItIOI	22982
PI3I0I	BIUIuI	ZILI4IWIo	18713
I2I1I	zINI7IwId	AATAmArA	67933
HAsAfAh	A'AJA/	AEA6AKA9A	31136
qApAeA	MARAGAVA	SAQAlAxAgA	17232
cAFA	kAaAvA	yAbACA5AY	2187
AnAiAX	AjAD	AtAOAPA3A	56240
0ABAUA	uAZAL	A4AWAoA2	30514
A1AzAN	A7Aw	AdTTmTrTHT	8323
sTfThT'	TJT/TET6	TKT9TqTpT	60420
eTMTRTG	TVTSTQ	TlTxTgTcT	24033
FTkTaTv	TyTbTC	T5TYTnTiT	84983
XTjTDTt	TOTPT3	T0TBTUTu	16987
TZTLT	4TWT	oT2T1TzT	65229
NT7TwT	dmmrm	Hmsmfmhm	28830
'mJm	/mEm6m	Km9mqmpme	12010
mMmRmG	mVmS	mQmlmxmgm	88650
cmFmkma	mvmymb	mCm5mYmnm	96574
imXmjm	DmtmO	mPm3m0mBm	38329
UmumZ	mLm4mWmo	m2m1mzmNm	83395
7mwm	drrHrsrf	rhr'rJr/r	51965
Er6rKr	9rqrp	rerMrRrGrV	26455
rSrQ	rlrx	rgrcrFrkra	60364
rvryrbrCr5r	Yrnrir	XrjrDrtrO	62112
rPr3r	0rBrUru	rZrLr4rW	16926
ror2r	1rzrNr7r	wrdHHsHfHh	59985
H'HJH/H	EH6HKH	9HqHpHeHM	37670
HRHGH	VHSHQHl	HxHgHcHFH	94029
kHaHv	HyHbHC	H5HYHnHiH	84128
XHjHD	HtHOHPH3	H0HBHUHuH	62269
ZHLH	4HWHoH2	H1HzHNH7H	12757
wHdssfsh	s'sJs/	sEs6sKs9s	6211
qspse	sMsR	sGsVsSsQsl	95974
sxsgscs	Fsksas	vsysbsCs5s	88887
YsnsisX	sjsD	stsOsPs3s	48831
0sBsUsu	sZsLs	4sWsos2s1	99892
szsNs	7swsdff	hf'fJf/fE	3807
f6fKf	9fqfpf	efMfRfGfV	94581
fSfQflfxf	gfcfF	fkfafvfyfb	11303
fCf5	fYfnfif	XfjfDftfO	42763
fPf3f0	fBfUf	ufZfLf4fW	20308
fo	f2f1f	zfNf7fwfdh	42989
h'hJh/h	Eh6hKh9h	qhphehMhR	97453
hGhV	hShQh	lhxhghchF	23064
hkhah	vhyhbhC	h5hYhnhih	563
XhjhDh	thOhPh3h0h	BhUhuhZhL	42290
h4hWh	oh2h1h	zhNh7hwhd	39457
''J'/'	E'6'	K'9'q'p'	61551
e'M'R	'G'V'S'Q'	l'x'g'c'F	67803
'k'a'	v'y'b'	C'5'Y'n'	85936
i'X'j'	D't'	O'P'3'0'B	5669
'U'u'Z'	L'4'W'o'	2'1'z'N'7'	89256
w'dJJ	/JEJ6	JKJ9JqJp	29166
JeJMJR	JGJVJSJ	QJlJxJgJc	98089
JFJkJ	aJvJ	yJbJCJ5JYJ	64418
nJiJX	JjJDJtJO	JPJ3J0JBJU	1710
JuJZJ	LJ4JW	JoJ2J1JzJ	73839
NJ7Jw	Jd//E/	6/K/9/q/p/	9052
e/M/	R/G/V/S/Q	/l/x/g/c	29820
/F/k	/a/v/y/	b/C/5/Y/n	41992
/i/X/j/	D/t/O	/P/3/0/B/	11062
U/u/	Z/L/4/W	/o/2/1/z/	57797
N/7/w/	dEE6EK	E9EqEpEe	82259
EMERE	GEVES	EQElExEgE	9601
cEFEkE	aEvEyEb	ECE5EYEn	36363
EiEXEjE	DEtEOEPE	3E0EBEUE	20873
uEZELE	4EWEo	E2E1EzENE	44514
7EwE	d66K69	6q6p6e6M6	64437
R6G6V6	S6Q6l	6x6g6c6F6	67648
k6a6	v6y6b	6C656Y6n	82254
6i6X6j6	D6t6O	6P63606B6	74989
U6u6Z6L646	W6o6	2616z6N67	64326
6w6	dKK9Kq	KpKeKMKRK	11224
GKVK	SKQK	lKxKgKcK	80527
FKkKaKv	KyKbKCK5KYK	nKiKXKjKD	66238
KtKOKPK	3K0KB	KUKuKZKLK4	61356
KWKoK2K	1KzKNK7	KwKd99q9p9	87610
e9M9R9	G9V9S	9Q9l9x9g9	59980
c9F9	k9a9v9	y9b9C959Y9	46426
n9i9X	9j9D9t9O	9P93909B9	58391
U9u9Z	9L949	W9o92919z	12274
9N97	9w9dqqp	qeqMqRqGq	32104
VqSqQ	qlqxq	gqcqFqkq	54286
aqvqyqb	qCq	5qYqnqiqX	78655
qjqDqtqOq	Pq3q0qB	qUquqZqLq	73982
4qWqo	q2q1	qzqNq7qwq	89828
dppepM	pRpGp	VpSpQplpxp	72443
gpcpFp	kpapv	pypbpCp5	53860
pYpnpip	XpjpD	ptpOpPp3p	50153
0pBpUpup	ZpLp4p	Wpop2p1pz	68064
pNp7	pwpd	eeMeReGeV	66383
eSeQ	elexegec	eFekeaeve	2615
yebeC	e5eYe	neieXeje	69634
DeteO	ePe3e0	eBeUeueZe	6855
Le4eWe	oe2e1e	zeNe7ewe	26899
dMMRM	GMVMS	MQMlMxMgM	64961
cMFMkMaM	vMyMb	MCM5MYMnM	3343
iMXM	jMDMtMOM	PM3M0MBM	12314
UMuMZMLM4M	WMoM2M1	MzMNM7MwM	37525
dRRGRV	RSRQRl	RxRgRcRFR	94165
kRaRvR	yRbRCR5RY	RnRiRXRjR	87296
DRtROR	PR3R0R	BRURuRZRLR	21724
4RWR	oR2R1RzR	NR7RwRdGGV	80290
GSGQG	lGxGgGc	GFGkGaGvG	26226
yGbGC	G5GYGnGi	GXGjGDGtG	57367
OGPG	3G0GBGUG	uGZGLG4GWG	25784
oG2G1Gz	GNG7	GwGdVVSV	12604
QVlVx	VgVc	VFVkVaVvV	27343
yVbVC	V5VYVnV	iVXVjVDVt	38089
VOVPV3	V0VBVU	VuVZVLV4	14599
VWVoV	2V1VzVNV7	VwVdSSQSl	65865
SxS	gScSFS	kSaSvSySb	65008
SCS5	SYSnSi	SXSjSDStSO	53565
SPS3S0	SBSUSu	SZSLS4SWS	25212
oS2S	1SzSN	S7SwSdQQlQ	12170
xQgQcQF	QkQaQ	vQyQbQCQ5	45573
QYQnQi	QXQjQD	QtQOQPQ3Q	12300
0QB	QUQuQZQL	Q4QWQoQ2Q1	17601
QzQ	NQ7QwQ	dllxlglcl	98534
Flkla	lvlylbl	Cl5lYlnli	84766
lXljlD	ltlOlP	l3l0lBlUl	62333
ulZlLl4	lWlo	l2l1lzlNl	76242
7lwld	xxgxc	xFxkxaxvx	25209
yxbx	Cx5x	YxnxixXxj	79969
xDx	txOxPx3x0	xBxUxuxZ	72149
xLx4x	Wxox2x1	xzxNx7xwx	68476
dggcgFg	kgagvgy	gbgCg5gYg	82352
ngig	XgjgDg	tgOgPg3g	66211
0gBgU	gugZgLg	4gWgog2g	43225
1gzgN	g7gwgdc	cFckcacvc	21434
ycbcC	c5c	YcncicXcjc	57285
DctcOc	Pc3	c0cBcUcuc	76077
ZcLc4c	Wcoc2c	1czcNc7cwc	32064
dFFkFa	FvFyFb	FCF5FYFnF	18350
iFXFjF	DFtFOF	PF3F0FBFUF	76606
uFZFL	F4FWFoF2F	1FzFNF7Fw	34656
Fdkkakvky	kbkCk5k	YknkikXkjk	29473
DktkO	kPk3k	0kBkUkukZ	31122
kLk4k	Wkok2k1	kzkNk7kwk	35458
daavaya	baCa	5aYanaiaX	54576
ajaDat	aOaPa3	a0aBaUaua	80909
ZaLa	4aWao	a2a1azaNa	18293
7awadvvy	vbvCv5vY	vnvivXvjvD	24168
vtvO	vPv3v0	vBvUvuvZv	38718
Lv4vWv	ov2v	1vzvNv7vw	79841
vdyyb	yCy5y	YynyiyXyjy	14748
DytyO	yPy3y0	yByUyuyZy	30150
Ly4yW	yoy2	y1yzyNy7y	61755
wydbbC	b5bY	bnbibXbjb	21272
Dbtb	ObPb	3b0bBbUb	75225
ubZbLb	4bWb	ob2b1bzbN	24706
b7bwb	dCC5CYC	nCiCXCjCDC	78222
tCOCPC	3C0CBCUC	uCZCLC4CW	41665
CoC2C1	CzCNC7C	wCd55Y5n5	61644
i5X5j5D	5t5O5P53	505B5U5u5Z	38368
5L545	W5o52	515z5N575	49145
w5dYY	nYiYXYjY	DYtYOYPY	73299
3Y0YB	YUYuYZYLY	4YWYoY2Y1Y	85719
zYNY7Y	wYdnn	inXnjnDnt	57334
nOnPn3	n0nBnUn	unZnLn4nWn	29471
on2n1n	znNn7n	wndiiXiji	89612
DitiO	iPi3i	0iBiUiuiZ	51923
iLi4iW	ioi2i1i	ziNi7iwid	94647
XXjXDX	tXOXPX3X	0XBXUXuXZ	40336
XLX4XWXoX2	X1XzXNX	7XwXdjjDj	74173
tjOjP	j3j0j	BjUjujZjL	57989
j4jWjoj	2j1jzjNj	7jwjdDDtDO	73904
DPD	3D0DBD	UDuDZDLD4	2619
DWDoD2D1	DzDND	7DwDdttOt	63515
Pt3t0	tBtUt	utZtLt4tWt	27284
ot2t1t	ztNt7twt	dOOPO3O0O	76396
BOUO	uOZOLO4	OWOoO2O1	20201
OzONO	7OwOdPP	3P0PBPUPuP	62437
ZPLP4	PWPoP2	P1PzPNP7P	99701
wPd33	03B3U	3u3Z3L343W	29302
3o32313	z3N373	w3d00B0U0	78043
u0Z0L04	0W0o0	2010z0N07	54605
0w0d	BBUBu	BZBLB4BWBo	22759
B2B1B	zBNB7	BwBdUUuU	61999
ZULU4UW	UoU2U1Uz	UNU7UwUdu	80700
uZuLu4	uWuou2u	1uzuNu7uw	54691
udZZLZ	4ZWZoZ	2Z1ZzZNZ7	65999
ZwZdLL	4LWLoL2	L1LzLNL7Lw	88877
Ld44W4o42	414z	4N474w4dWW	26990
oW2W1WzW	NW7WwW	doo2o1ozo	99439
No7owo	d2212z2N	272w2d11z1	58643
N171w1d	zzNz7	zwzdNN7Nw	65120
Nd77w7	dwwdd88I8	A8T8m8r8H	77684
8s8f8	h8'8J	8/8E868K8	93067
98q8	p8e8M	8R8G8V8S8Q	81026
8l8x8g8	c8F8k	8a8v8y8b	61821
8C85	8Y8n8i	8X8j8D8t8	78175
O8P83	808B8U8u8Z8	L848W8o828	70795
18z8N	878w8d	IIAITImI	46402
rIHIs	IfIhI'	IJI/IEI6I	68417
KI9IqIpI	eIMIRIGIV	ISIQIlIxIg	38126
IcIFI	kIaIvIy	IbICI5IYI	1103
nIiIXI	jIDItI	OIPI3I0I	32918
BIUIuI	ZILI4	IWIoI2I1I	11412
zINI7	IwIdAATA	mArAHAsAfA	81907
hA'AJA	/AEA6AKA9	AqApAeAMA	498
RAGAV	ASAQAl	AxAgAcAFA	25505
kAaAvA	yAbAC	A5AYAnAi	14900
AXAj	ADAtAOAP	A3A0ABAUA	1810
uAZALA4	AWAoA2A1	AzANA7AwA	94124
dTTmTrTHTsT	fThT'TJT	/TET6TKT	54361
9TqTp	TeTMTRT	GTVTSTQTl	4868
TxTgTc	TFTkTa	TvTyTbTCT	85099
5TYTnT	iTXTjT	DTtTOTPT	31622
3T0TBT	UTuTZT	LT4TWToT2	85264
T1Tz	TNT7TwT	dmmrmHmsm	31564
fmhm'm	Jm/mEm6	mKm9mqmpm	50860
emMmRm	GmVmS	mQmlmxmg	84540
mcmFmkmam	vmymb	mCm5mYmn	62013
mimXm	jmDmtm	OmPm3m0m	87599
BmUm	umZmL	m4mWmom2m	41402
1mzmNm	7mwmdrrHrsrf	rhr'rJr/rE	9184
r6rKr9	rqrprerM	rRrGrVrSr	80998
Qrlrx	rgrcrFrk	rarvryrb	45861
rCr5rYr	nrir	XrjrDrtrO	41628
rPr3r0rB	rUrur	ZrLr4rWro	27494
r2r1rzrN	r7rwr	dHHsHfHhH	16488
'HJH/H	EH6HKH9	HqHpHeHMHR	90697
HGHVH	SHQHlH	xHgHcHFHk	26879
HaHvHyH	bHCH5H	YHnHiHXHjH	43132
DHtHO	HPH3H	0HBHUHuHZ	34280
HLH4HWHo	H2H1HzHN	H7HwHdss	99877
fshs'	sJs/sEs6s	Ks9sqspse	45341
sMsRsGs	VsSsQsl	sxsgscsFs	69661
ksas	vsysbsCs5	sYsnsisXs	49629
jsDs	tsOsPs3	s0sBsUsus	78779
ZsLs4s	Wsos2s1	szsNs7sws	28141
dffhf'	fJf/f	Ef6fKf9fq	56143
fpfefM	fRfGfV	fSfQflfxf	65238
gfcfFfk	fafvfyf	bfCf5fYfn	38801
fif	XfjfD	ftfOfPf3f	15886
0fBfU	fufZ	fLf4fWfof	63054
2f1fzfN	f7fw	fdhh'hJh/	22133
hEh6h	Kh9hq	hphehMhRh	89335
GhVh	ShQhlh	xhghchFh	70873
khah	vhyh	bhCh5hYhn	80278
hihXhjh	DhthOhPh3	h0hBhUhuh	89852
ZhLh4	hWhoh2h1	hzhNh7hw	83335
hd''J'	/'E'6	'K'9'q'p	32769
'e'M'R'	G'V'S'Q	'l'x'g'c'	24234
F'k'a'v	'y'b'	C'5'Y'n'i	1997
'X'j'	D't'O	'P'3'0'B'U	3071
'u'Z'L	'4'W'o'	2'1'z'N'7	16245
'w'dJ	J/JEJ6JK	J9JqJpJeJM	33109
JRJGJVJ	SJQJlJx	JgJcJFJkJ	45832
aJvJ	yJbJCJ5	JYJnJiJXJ	98728
jJDJt	JOJPJ3	J0JBJUJuJ	21985
ZJLJ4J	WJoJ2	J1JzJNJ7J	91593
wJd//	E/6/K	/9/q/p/e/	97373
M/R/G/V/	S/Q/l	/x/g/c/F/k	97004
/a/v/y	/b/C	/5/Y/n/i/	40380
X/j/D	/t/O/	P/3/0/B/U/	34640
u/Z/L/	4/W/o/	2/1/z/N/7	61284
/w/dE	E6EKE	9EqEpEeEME	44517
REGE	VESEQ	ElExEgEcE	98501
FEkE	aEvEyEbEC	E5EYEnEi	34522
EXEjE	DEtEOE	PE3E0EBE	75565
UEu	EZELE	4EWEoE2E1	95159
EzENE	7EwEd6	6K696q6p6	95773
e6M6R	6G6V6S6	Q6l6x6g6c	32258
6F6k6a6v6	y6b6C656	Y6n6i6X6	41410
j6D6t6O	6P636	06B6U6u6	83041
Z6L64	6W6o62	616z6N676w	96097
6dKK9	KqKp	KeKMKRKGK	24467
VKSKQ	KlKxKgKcKFKkK	aKvKyKbKCK	4798
5KYKn	KiKXK	jKDKtKOKP	89413
K3K0K	BKUKuKZ	KLK4KWKoK	74566
2K1K	zKNK7K	wKd99q9p9e	88217
9M9R9G	9V9S9Q9l9	x9g9c9F9	36942
k9a9v9	y9b9C	959Y9n9i9X	27280
9j9D9t	9O9P9390	9B9U9u9Z9	29677
L949W9o9	2919z9N9	79w9dqqpq	69391
eqMqRq	GqVqSqQ	qlqxqgqcqF	77399
qkqa	qvqyqb	qCq5qYqnq	88105
iqX	qjqDqtq	OqPq3q0qB	42669
qUquqZ	qLq4qW	qoq2q1qzq	30055
Nq7qwqd	ppepMpR	pGpVpSpQpl	40430
pxpgpc	pFpk	papvpypbp	31281
Cp5pY	pnpipXpjpD	ptpOpPp3p	85227
0pBpUp	upZpLp	4pWpop2p1	26635
pzpNp7pwp	deeM	eReGeVeSeQ	27963
elexe	geceFeke	aeveyebeC	44467
e5eYe	neieXe	jeDeteOe	76162
Pe3e0eB	eUeue	ZeLe4eWeo	21477
e2e1ez	eNe7e	wedMMRMGM	1469
VMSMQMl	MxMgMc	MFMkMaMvM	74074
yMbMC	M5MY	MnMiMXMjM	66028
DMtM	OMPM3M0	MBMUMuMZM	60830
LM4MWM	oM2M1MzM	NM7MwMdRR	50696
GRV	RSRQRl	RxRgRcRFRk	59939
RaRvRy	RbRCR	5RYRnRiRX	62030
RjRD	RtRO	RPR3R0RBR	8688
URuRZ	RLR4RW	RoR2R1RzR	24370
NR7Rw	RdGGVGS	GQGlGxGg	80708
GcGF	GkGaGv	GyGbGCG5	30372
GYGnGiG	XGjGDG	tGOGPG3G0	54249
GBGUG	uGZGL	G4GWGoG2G	91554
1GzGNG	7GwGdVVSV	QVlVxVgVc	22174
VFVkVa	VvVyVb	VCV5VYVnVi	41700
VXVjVDV	tVOVPV3V	0VBVUVuVZ	85458
VLV4	VWVoV2V1V	zVNV7VwVd	95613
SSQSl	SxSgScS	FSkSaSvS	95308
ySbSCS5	SYSnSiS	XSjSDStS	51931
OSPS3S0	SBSUSu	SZSLS4SWS	11068
oS2S1	SzSN	S7SwSdQQl	93709
QxQgQcQ	FQkQ	aQvQyQbQC	46143
Q5QYQnQ	iQXQjQ	DQtQOQPQ3	53707
Q0QB	QUQuQZ	QLQ4QWQo	54441
Q2Q1Qz	QNQ	7QwQdllx	5189
lglcl	Flklalvl	ylblCl5lY	22096
lnlilX	ljlDl	tlOlPl3l0	12717
lBl	Ulul	ZlLl4lWlo	51127
l2l1	lzlNl7	lwldxxgx	62284
cxFxkx	axvx	yxbxCx5xY	76426
xnxixXxj	xDxtxO	xPx3x0xBx	76578
UxuxZxL	x4xWxox2	x1xzxNx7x	70663
wxdg	gcgFg	kgagvgygb	54722
gCg5g	Ygngig	XgjgDgtgO	72026
gPg3	g0gBgU	gugZgLg4g	71899
Wgog	2g1gzgNg	7gwgdccFc	23293
kcacvcy	cbcCc5	cYcncicXc	11545
jcDctc	OcPc3	c0cBcUcucZ	70369
cLc4cWco	c2c1czcN	c7cwcdFFk	39738
FaFvFyF	bFCF5	FYFnFiFXF	75546
jFDFtF	OFPF3F0F	BFUFuFZFL	68606
F4FW	FoF2F1F	zFNF7FwFd	593
kkakvky	kbkCk	5kYknkikX	36632
kjk	DktkOkP	k3k0kBkUku	51417
kZkLk4k	Wkok2k	1kzkNk7kw	11097
kdaava	yabaCa	5aYanaiaXa	39483
jaDataO	aPa3a0aB	aUauaZaLa	98481
4aWaoa	2a1a	zaNa7awadv	15970
vyvbvCv5v	Yvnviv	XvjvDvtv	4842
OvPv3v0	vBvUv	uvZvLv4v	2323
Wvov2v1v	zvNv7v	wvdyybyCy	99929
5yYy	nyiyX	yjyDytyOy	21364
Py3y0	yByUyu	yZyLy4yWy	44050
oy2y	1yzyNy7	ywydbbCb5	34720
bYbn	bibXb	jbDbtbOb	90024
Pb3b0b	BbUbu	bZbLb4bWb	36143
ob2b1	bzbNb7b	wbdCC5CYC	29760
nCiCXC	jCDCtCOC	PC3C0CBC	3104
UCuCZ	CLC4CW	CoC2C1Cz	15883
CNC7CwCd5	5Y5n5i5	X5j5D5t5O	80208
5P5350	5B5U5u	5Z5L545W5	27574
o52515z	5N575w	5dYYnYiYXY	93609
jYDYtY	OYPY3	Y0YBYUYu	80140
YZYLY4	YWYoY2	Y1YzYNY7Y	92963
wYdnni	nXnjnDn	tnOnPn3n0n	84621
BnUnun	ZnLn4nW	non2n1nzn	22497
Nn7nw	ndiiX	ijiDitiOi	45927
Pi3i0iB	iUiui	ZiLi4iWio	89959
i2i1izi	Ni7i	widXXjXD	70411
XtXOXP	X3X0XBXUX	uXZXLX4XW	33680
XoX2X1X	zXNX7	XwXdjjDj	36922
tjOjP	j3j0	jBjUjujZj	40529
Lj4jWjo	j2j1jz	jNj7jwjdD	60803
DtDODPD3	D0DBD	UDuDZDLD4	32502
DWDoD	2D1D	zDND7DwDd	39363
ttOtPt	3t0tBt	UtutZtLt	61972
4tWto	t2t1t	ztNt7twtdO	60586
OPO3O0OBO	UOuOZ	OLO4OWOoO	71351
2O1OzON	O7OwOd	PP3P0PBPU	94052
PuPZP	LP4PWP	oP2P1PzPN	83767
P7PwPd3	303B3	U3u3Z3L343	93981
W3o3	2313z3N	373w3d00B	33488
0U0u0Z	0L040W0	o02010z0N	24092
070w0d	BBU	BuBZBLB4B	11150
WBoB2B1Bz	BNB7BwB	dUUuUZULU	3436
4UWUoU2	U1UzUN	U7UwUduuZ	95279
uLu4uW	uou2u1	uzuNu7uwu	60625
dZZLZ	4ZWZoZ	2Z1ZzZNZ7	72670
ZwZd	LL4LWL	oL2L1LzL	69761
NL7LwLd	44W4	o42414z4N	11604
474w4	dWWoW2W1	WzWNW7WwW	85076
doo2o	1ozoN	o7owod2212	45550
z2N272	w2d11z1	N171w1dzz	94833
Nz7zw	zdNN7	NwNd77w7d	75376
wwdd8	8I8A8T	8m8r8H8s8	24206
f8h8'8	J8/8E8	68K898q8	5660
p8e8M8R	8G8V8S8	Q8l8x8g8	26293
c8F8k	8a8v8y8b	8C858Y8n	95503
8i8	X8j8D	8t8O8P838	2754
08B8	U8u8Z8	L848W8o828	38094
18z8N87	8w8dII	AITImIrI	95060
HIsIfIh	I'IJI/I	EI6IKI9Iq	39657
IpIeI	MIRIGI	VISIQIlIx	76478
IgIcIFIkI	aIvIy	IbICI5IY	68952
InIiI	XIjIDIt	IOIPI3I0	20354
IBIUIu	IZILI	4IWIoI2I1	23757
IzI	NI7IwIdA	ATAmArAHA	99364
sAfAhA	'AJA/	AEA6AKA9	97963
AqApAeAMAR	AGAVASAQ	AlAxAgAcA	57937
FAkAa	AvAyAbAC	A5AYAnAiA	41807
XAjA	DAtAOA	PA3A0ABA	95468
UAuAZAL	A4AWAo	A2A1AzANA	61635
7AwAd	TTmTr	THTsTfTh	26971
T'TJT/	TET6TKT9T	qTpTeTMTR	38640
TGTVTST	QTlTxTg	TcTFTkTaTv	43894
TyTbT	CT5TYTn	TiTXTjTDT	77480
tTOTP	T3T0T	BTUTuTZTL	45521
T4TWToT	2T1TzT	NT7TwTdmm	96290
rmHms	mfmhm'	mJm/mEm6	24539
mKm9	mqmpme	mMmRmGmVm	16739
SmQmlmx	mgmc	mFmkmamv	60080
mymbmCm	5mY	mnmimXmj	55850
mDmtmOm	Pm3m0m	BmUmumZm	91983
Lm4mWmo	m2m1mzmNm	7mwmdrrHr	94374
srfrhr	'rJr/rEr6	rKr9rqrpr	46835
erMr	RrGr	VrSrQrlrx	91469
rgrcr	Frkra	rvryrbrCr5	16344
rYrnr	irXrjrDrt	rOrPr3r0r	49771
BrUru	rZrLr4rWr	or2r1rzr	78602
Nr7rwrd	HHsHf	HhH'HJH/H	55431
EH6HKH	9HqHp	HeHMHRHG	50941
HVHSH	QHlHxHgH	cHFHkHaHv	12187
HyHbH	CH5HYHn	HiHXHjHDH	29847
tHOH	PH3H0HBHUHu	HZHLH4HWHo	5772
H2H1Hz	HNH7H	wHdssfshs	96188
'sJs/sE	s6sKs9	sqspsesM	68872
sRsGsV	sSsQs	lsxsgscsFs	89762
ksa	svsysb	sCs5sYsns	79588
isXsjsD	stsOsPs3s	0sBsUsusZs	8649
Ls4sWsos	2s1s	zsNs7swsd	67138
ffhf'	fJf/fEf6	fKf9fqfpf	87855
efMfRfG	fVfS	fQflfxfgf	10805
cfFf	kfafv	fyfbfCf5f	10304
Yfnfif	XfjfDftfO	fPf3f0fBfU	77615
fufZfLf4	fWfof2	f1fzfNf7f	14374
wfdhh'	hJh/hEh6h	Kh9hqhphe	49325
hMhRhGh	VhShQh	lhxhghchFh	60109
khahvhy	hbhCh5h	YhnhihXhj	18430
hDhthOh	Ph3h0	hBhUhuhZ	80412
hLh4hW	hoh2h1	hzhNh7hwhd	54058
''J	'/'E	'6'K'9'q'p	34024
'e'M'R	'G'V'S'	Q'l'x'g'	72109
c'F'k'	a'v'y'	b'C'5'Y'n	48922
'i'X'	j'D't	'O'P'3'0'	68279
B'U'u'Z'L	'4'W'o'	2'1'z'N'7'	43618
w'dJJ	/JEJ6	JKJ9JqJp	14834
JeJMJ	RJGJVJSJ	QJlJxJgJc	42565
JFJkJaJvJyJ	bJCJ5JYJ	nJiJXJjJDJ	61087
tJOJPJ3	J0JBJU	JuJZJLJ4J	14806
WJoJ2	J1JzJ	NJ7JwJd//	12132
E/6/K/	9/q/p/	e/M/R/G/V/	46196
S/Q/l/	x/g/c/	F/k/a/v/y	29250
/b/C	/5/Y/	n/i/X/j/D	83952
/t/O	/P/3/	0/B/U/u/	39685
Z/L/4/W/o	/2/1/	z/N/7/w/d	74681
EE6EK	E9EqEpE	eEMEREGEVE	11834
SEQElE	xEgEcEF	EkEaEvEy	97848
EbECE5EY	EnEiEXE	jEDEtEOEP	7520
E3E0EBE	UEuEZ	ELE4EWEoE	99854
2E1EzEN	E7EwEd	66K696q6	21154
p6e6M6R	6G6V6	S6Q6l6x6g6	82227
c6F6k	6a6v6y6	b6C656Y6n	86483
6i6X6	j6D6t6	O6P63606	98306
B6U6u6Z6	L646W6o	62616z6N	63060
676w6d	KK9	KqKpKeKMK	69339
RKGKVKS	KQKlKxKgK	cKFKkKaKvK	81217
yKbKCK	5KYKnK	iKXKjKDK	30922
tKOKPK3	K0KBKU	KuKZKLK4	40322
KWKo	K2K1KzK	NK7KwKd99	29783
q9p9e9M9	R9G9V9	S9Q9l9x9	86461
g9c9F9	k9a9	v9y9b9C959	67454
Y9n9i9	X9j9D9t	9O9P93909B	74692
9U9u9	Z9L949	W9o92919	43776
z9N979	w9dqqp	qeqMqRqG	81798
qVqSqQ	qlqxqgqc	qFqkqaqv	85676
qyqbq	Cq5qYq	nqiqXqjqDq	19932
tqOqP	q3q0qBqU	quqZqLq4	74791
qWqoq	2q1qzqNq7q	wqdppepMp	67618
RpGp	VpSpQp	lpxpgpcpF	71850
pkpap	vpypbpC	p5pYpnpip	58625
XpjpDptp	OpPp3p0	pBpUpupZp	85145
Lp4pWp	op2p1	pzpNp7pw	55590
pdeeM	eReGeVe	SeQelexe	51920
gece	Fekeaev	eyebeCe5e	8188
Yenei	eXejeDe	teOePe3e0	89551
eBeU	eueZeLe	4eWeoe2e1	90492
ezeNe7	ewedM	MRMGMVMS	42548
MQMl	MxMgM	cMFMkMaMv	72948
MyMbMC	M5MYMnMi	MXMjMDMtM	67726
OMPM3M	0MBM	UMuMZMLM4	78013
MWMo	M2M1MzM	NM7MwMdRR	20955
GRVR	SRQRlRx	RgRcRFRkR	5488
aRvRy	Rb	RCR5RYRnR	26113
iRXRj	RDRtRORPR	3R0RBRUR	98395
uRZR	LR4RWR	oR2R1RzR	1674
NR7RwR	dGGVGSGQGl	GxGgGcGFG	53556
kGa	GvGyGb	GCG5GYGnGi	3542
GXGjGD	GtGOGPG	3G0GBGUGu	1706
GZGLG	4GWGoG2G1	GzGNG7GwGd	57428
VVSVQV	lVxVg	VcVFVkVaV	65325
vVyVb	VCV5V	YVnViVXVj	41049
VDVtVOV	PV3V	0VBVUVuVZ	16255
VLV4	VWVoV	2V1VzVNV	69517
7VwVdSSQS	lSxSgScSF	SkSaSvSyS	84664
bSCS5	SYSnS	iSXSjSDSt	55699
SOSPS3	S0SB	SUSuSZSLS4	19134
SWSoS2	S1SzSN	S7SwSdQQl	44403
QxQg	QcQFQkQa	QvQyQbQC	84023
Q5QYQ	nQiQXQ	jQDQtQOQ	57513
PQ3Q0QB	QUQuQ	ZQLQ4QWQo	34442
Q2Q	1QzQNQ7Q	wQdllxlglc	34304
lFlkla	lvlylb	lCl5lYlnl	37213
ilXljl	DltlOlPl	3l0lBlUlu	31967
lZlLl	4lWlol	2l1lzlNl7	90531
lwldx	xgxcxFx	kxaxvxyxb	45717
xCx5xYx	nxix	XxjxDxtx	58810
OxPx3x	0xBxUxux	ZxLx4xWxo	21111
x2x1xzx	Nx7xwx	dggcgFgk	51871
gagv	gygbgCg	5gYgngigXg	44453
jgDgt	gOgPg	3g0gBgUg	32292
ugZgLg	4gWg	og2g1gzg	12819
Ng7gw	gdccF	ckcacvcy	11827
cbcCc5c	Ycncic	XcjcDctc	71045
OcPc3c	0cBc	UcucZcLc4	11226
cWcoc2c	1czcNc7	cwcdFFkFa	59917
FvFyFbF	CF5FYFn	FiFXFjFD	11718
FtFOFPF	3F0FBFU	FuFZFLF4F	92615
WFoF	2F1FzF	NF7FwFdkk	28931
akvkykb	kCk5kYkn	kikXkjkDk	22820
tkOk	Pk3k0	kBkUkukZk	6883
Lk4k	Wkok2	k1kzkNk7kw	57142
kdaa	vayab	aCa5aYana	28621
iaXa	jaDataOa	Pa3a0aBaU	47996
auaZaLa4	aWaoa	2a1azaNa	73744
7awadvv	yvbvCv5	vYvnvivX	98745
vjvDv	tvOvPv	3v0vBvUv	95785
uvZ	vLv4vWv	ov2v1vzvN	41832
v7vwvd	yybyC	y5yYynyiy	48800
XyjyDyty	OyPy3	y0yByUyuy	4882
ZyLy4	yWyoy2y	1yzyNy7y	43996
wydbb	Cb5bY	bnbibXbjb	41869
DbtbOb	Pb3b0bBb	UbubZbLb	3350
4bWbob	2b1b	zbNb7bwbd	44090
CC5CYCnC	iCXCjCD	CtCOCPC3C	43478
0CBCUCuC	ZCLC4CW	CoC2C1CzC	75727
NC7CwC	d55Y5n	5i5X5j5D5t	18323
5O5P53	505B5	U5u5Z5L54	65562
5W5o52	515z5	N575w5dY	32894
YnYiYX	YjYDYt	YOYPY3Y0Y	39060
BYUY	uYZYLY	4YWYoY2Y1	64949
YzYNY7	YwYdn	ninXnjnDn	41782
tnOn	Pn3n0n	BnUnunZnL	70737
n4nWnon2	n1nznNn7	nwndiiXiji	23307
DitiOi	Pi3i0iBiU	iuiZiLi4i	1967
Wioi2	i1iziNi7	iwidXXjXD	58064
XtXOX	PX3X0XBXU	XuXZXLX4X	46316
WXo	X2X1XzX	NX7XwXdjjD	82077
jtjOjPj	3j0jBjU	jujZjLj4jW	62527
joj2	j1jzjN	j7jwjdDDt	85094
DODPD3D	0DBDU	DuDZDLD4D	52974
WDoD2	D1DzDND7	DwDdttOtP	88083
t3t0t	BtUt	utZtLt4tW	72345
tot2t1	tztNt	7twtdOOPO3	23434
O0OB	OUOuOZO	LO4OWOoO	13719
2O1O	zONO7OwO	dPP3P0PBP	11850
UPuPZPL	P4PWPo	P2P1PzPNP7	93529
PwPd330	3B3U3	u3Z3L343W3	68957
o32313	z3N373w	3d00B0U0u0	51515
Z0L040	W0o020	10z0N070	5388
w0dBB	UBuBZB	LB4BWBoB2	74525
B1BzBNB7	BwBdUUuU	ZULU4UWUo	62156
U2U1Uz	UNU7	UwUduuZuL	25366
u4uWuou2	u1uzu	Nu7uwudZZ	71144
LZ4ZW	ZoZ2Z	1ZzZNZ7Zw	52930
ZdLL	4LWLoL2	L1LzLNL7L	62374
wLd44	W4o4241	4z4N474w4	59659
dWWoW2	W1WzWNW	7WwWdoo2	68780
o1ozoN	o7ow	od2212z2	28382
N272w2d1	1z1N1	71w1dzzN	15889
z7zw	zdNN7N	wNd77w7dww	85242
dd88I8	A8T8m8	r8H8s8f8h	50646
8'8J	8/8E8	68K898q8p8	75019
e8M8R	8G8V8S8Q	8l8x8g8c	58141
8F8k8a	8v8y8	b8C858Y8n	60015
8i8X	8j8D8t8	O8P83808	45557
B8U8u8Z	8L848W8o	82818z8N	99915
878	w8dIIA	ITImIrIHI	96701
sIfIhI	'IJI	/IEI6IKI9	75228
IqIpI	eIMIR	IGIVISIQIl	23881
IxIgIc	IFIkI	aIvIyIbIC	9206
I5IYIn	IiIXI	jIDItIOIP	63641
I3I0	IBIUI	uIZILI4IW	27449
IoI2I1I	zINI7Iw	IdAATAmAr	46701
AHAsA	fAhA'AJA	/AEA6AKA9	51310
AqApAeA	MARAGAVA	SAQAlAxA	3263
gAcAFA	kAaAvAy	AbACA5AYAn	35262
AiA	XAjADAtA	OAPA3A0ABA	17035
UAuAZAL	A4AWAoA2	A1AzANA7Aw	34270
AdTTmT	rTHTsT	fThT'TJT/	31745
TET6T	KT9TqTp	TeTMTRTGTV	22804
TSTQTlT	xTgTcT	FTkTaTvT	63113
yTbTCT5T	YTnTiTX	TjTDTtTOTP	65187
T3T0TBTU	TuTZT	LT4TWToT2	58515
T1TzTN	T7TwTdm	mrmHmsmfm	64292
hm'm	Jm/mE	m6mKm9mqm	665
pmemM	mRmGmV	mSmQmlmx	9417
mgmcm	Fmkmamv	mymbmCm5m	21318
Ymnmim	XmjmD	mtmOmPm3	24808
m0mBmU	mumZmLm4	mWmom2m1mz	19892
mNm7mw	mdrr	Hrsrfrhr'	43235
rJr/rE	r6rKr9r	qrprerMrRr	10804
GrVr	SrQr	lrxrgrcr	97265
Frkrarv	ryrbrCr5	rYrnrirXr	1348
jrDrtrO	rPr3r0	rBrUrurZr	27377
Lr4r	Wror2r1	rzrNr7rwrd	26273
HHsHfHh	H'HJH	/HEH6HKH9	65145
HqHpH	eHMHRH	GHVHSHQHl	8972
HxHgH	cHFHk	HaHvHyHbH	91926
CH5HY	HnHiHXH	jHDHtHOHP	35252
H3H0HB	HUHuH	ZHLH4HWHoH	11155
2H1HzHNH	7HwH	dssfshs'sJ	78044
s/sEs6	sKs9sqsps	esMsRsGsVs	22037
SsQsl	sxsgsc	sFsksasv	72257
sysbsC	s5sYsns	isXsjsDs	38188
tsOs	Ps3s0sBs	UsusZsLs	98645
4sWsos2	s1szs	Ns7swsdf	49634
fhf'	fJf/	fEf6fKf9	34521
fqfpfef	MfRf	GfVfSfQflf	14315
xfgfcfF	fkfa	fvfyfbfCf	88223
5fYfnfi	fXfjf	DftfOfPf3f	2118
0fB	fUfufZ	fLf4fWfof	85440
2f1fz	fNf7f	wfdhh'hJh	55681
/hEh6hKh9hq	hpheh	MhRhGhVhS	28534
hQhlhx	hghch	Fhkhahvhy	36718
hbhCh5hYh	nhih	XhjhDhthO	57136
hPh3h	0hBhUh	uhZhLh4hWh	44805
oh2h1h	zhNh7	hwhd''J'/	53043
'E'6'K	'9'q'p'e	'M'R'G'V'	75583
S'Q'	l'x'g'	c'F'k'a'	76556
v'y'	b'C'5'	Y'n'i'X'j	16822
'D't'O'P	'3'0'	B'U'u'Z'L	53263
'4'W'o'	2'1'z'	N'7'w'dJJ	44477
/JEJ6	JKJ9J	qJpJeJMJRJ	88222
GJVJ	SJQJl	JxJgJcJF	5643
JkJaJv	JyJbJC	J5JYJnJiJ	6173
XJjJ	DJtJOJPJ3J	0JBJUJuJZ	55739
JLJ4JWJ	oJ2J1	JzJNJ7JwJ	53854
d//E/	6/K/	9/q/p/e/M	50588
/R/	G/V/S/Q	/l/x/g/c/	40185
F/k/a	/v/y/b	/C/5/Y/n/i	83668
/X/j/	D/t/O/P/3	/0/B/U/u/Z	15645
/L/4/	W/o/2/1/	z/N/7/w/dE	14155
E6EKE9Eq	EpE	eEMEREGEV	90586
ESEQ	ElEx	EgEcEFEkEa	20012
EvEyE	bECE5EYE	nEiEXEjEDE	16954
tEOEP	E3E0EB	EUEuEZELE	95353
4EWEoE2	E1EzEN	E7EwEd66K6	62568
96q6p	6e6M6R6	G6V6S6Q6	79365
l6x6g6	c6F6k6	a6v6y6b6C	27434
656Y6n6	i6X6j	6D6t6O6P6	17395
3606B	6U6u	6Z6L646W6	91594
o626	16z6N	676w6dKK9K	50246
qKpKe	KMK	RKGKVKSKQK	86735
lKxKg	KcKFKkK	aKvKyKbK	81926
CK5KYKn	KiKXKjK	DKtKOKPK3	59244
K0KB	KUKuKZKL	K4KWKoK2	2143
K1K	zKNK7	KwKd99q9	32113
p9e9	M9R9G9V9	S9Q9l9x9	7888
g9c9F	9k9a9v9	y9b9C959Y	43600
9n9i9X9	j9D9t9O	9P93909B9	9248
U9u9Z9L	949W	9o92919z9	91480
N979w9dqq	pqeqM	qRqGqVqSqQ	75811
qlqx	qgqc	qFqkqaqvqy	24364
qbqCq	5qYqn	qiqXqjqDq	33618
tqOqP	q3q0qBq	UquqZqLq	35760
4qWqoq2	q1qzqNq7	qwqdppepM	69625
pRpGpV	pSpQpl	pxpgpcpFp	17188
kpapvpypb	pCp5pYp	npipXpjpD	99248
ptpOpPp	3p0pBp	UpupZpLp4	98182
pWpop2	p1pzpN	p7pwpdee	43625
MeReG	eVeSeQ	elexegec	54219
eFek	eaevey	ebeCe5eYe	8494
neieXej	eDete	OePe3e0eBe	7931
UeueZe	Le4eWe	oe2e1eze	93657
Ne7ew	edMMRMGM	VMSMQMlMx	71761
MgMcMFM	kMaMvM	yMbMCM5MYM	77143
nMiMXMjM	DMtMOMPM	3M0MBMUM	84162
uMZMLM	4MW	MoM2M1MzM	72547
NM7MwM	dRRGRV	RSRQRlRxR	87203
gRcRF	RkRaRvRyR	bRCR5RYRn	20158
RiRXRjR	DRtRORPR	3R0RBRURu	45803
RZRLR	4RWRo	R2R1RzRN	97236
R7RwRd	GGVGSGQGl	GxGgGcGF	64380
GkGa	GvGyGbG	CG5GYGnGiG	39578
XGjG	DGtGOGP	G3G0GBGUG	75091
uGZGL	G4GWG	oG2G1GzGNG	10364
7GwGd	VVSV	QVlVxVgVc	78702
VFVk	VaVvV	yVbVCV5VY	65761
VnVi	VXVj	VDVtVOVPV3	23403
V0VBVU	VuVZV	LV4VWVoV2	93726
V1V	zVNV7VwV	dSSQSlSxSg	40669
ScSFS	kSaSvSy	SbSCS5SYSn	43014
SiSX	SjSDStSOS	PS3S0SBS	87643
USuSZSL	S4SWSoS2	S1SzSNS7S	49051
wSdQQ	lQxQ	gQcQFQkQaQ	98083
vQyQb	QCQ5QYQnQ	iQXQjQDQtQ	96230
OQPQ3Q0	QBQUQ	uQZQLQ4QWQ	23598
oQ2Q1Q	zQNQ7Q	wQdllxlgl	26785
clFlk	lalvly	lblCl5lYl	31379
nlilXljl	DltlO	lPl3l0lBl	56254
Ulul	ZlLl4lWlol	2l1lzlNl7	7982
lwldxxgxcxF	xkxaxvxyx	bxCx5xYxn	75136
xixXx	jxDxtxOxP	x3x0xBxUxu	26366
xZxLx	4xWxox2	x1xzxNx7x	17045
wxdggc	gFgk	gagvgygbg	84554
Cg5g	Ygngig	XgjgDgtgO	45201
gPg3g0g	BgUgugZ	gLg4gWgog	75894
2g1gzg	Ng7g	wgdccFckc	48678
acvcycb	cCc5cYcnci	cXcjcDctcO	85608
cPc3c	0cBcUcucZc	Lc4cWcoc2	52713
c1cz	cNc7c	wcdFFkFaF	82185
vFyFbFCF	5FYFn	FiFXFjFDF	35380
tFOFP	F3F0F	BFUFuFZFL	78634
F4FWFo	F2F1FzF	NF7FwFdkk	29666
akvkykb	kCk5kY	knkikXkj	10649
kDktkOkP	k3k0kB	kUkukZkLk	98937
4kWkok	2k1kz	kNk7kwkda	67871
avay	abaCa	5aYanaiaXa	91524
jaDataO	aPa3a0aB	aUauaZaLa	85416
4aWa	oa2a1az	aNa7awadv	75347
vyvbvC	v5vYvnvi	vXvjvDvtv	39894
OvPv3v	0vBv	UvuvZvLv4	72468
vWv	ov2v	1vzvNv7vw	28852
vdyybyC	y5yYy	nyiyXyjy	92479
DytyOyP	y3y0yB	yUyuyZyLy	89237
4yWyo	y2y1yzy	Ny7ywydbb	70786
Cb5bYb	nbibXb	jbDbtbObPb	45722
3b0bBb	Ubub	ZbLb4bWb	83968
ob2b1bz	bNb7bwbd	CC5CYCnCiC	7039
XCjCDCt	COCPC	3C0CBCUCu	62553
CZCLC4C	WCoC2C1	CzCNC7CwC	51861
d55Y5n	5i5X5j	5D5t5O5P53	86070
505B5U5	u5Z5L5	45W5o5251	18107
5z5N5	75w5dYYnYiY	XYjYDYtYO	67485
YPY3Y	0YBYUYu	YZYLY4YWY	48968
oY2Y1Y	zYNY	7YwYdnnin	29849
XnjnDn	tnOnPn3n	0nBnUnunZ	28738
nLn4n	Wnon2	n1nznNn7n	99394
wndiiXi	jiDit	iOiPi3i0	28297
iBiU	iuiZiLi4	iWioi2i1i	26249
ziNi	7iw	idXXjXDXt	31100
XOXPX3X	0XBX	UXuXZXLX4X	51844
WXoX	2X1Xz	XNX7XwXd	55626
jjDjt	jOjPj3j	0jBjUjujZ	42047
jLj4jWjo	j2j1j	zjNj7jwj	86149
dDDtDO	DPD3D0D	BDUDuDZDLD	89054
4DWD	oD	2D1DzDND	41939
7DwDdtt	OtPt3t0	tBtUtutZt	22945
Lt4tWto	t2t1tztN	t7twtdOO	65684
PO3O	0OBOU	OuOZOLO4	70158
OWOoO2O1	OzON	O7OwOdPP	94497
3P0PB	PUPuPZP	LP4PWPoP2	80108
P1PzPN	P7PwPd33	03B3U3u3Z	25027
3L343W	3o3231	3z3N373w3d	93172
00B0U0	u0Z0L0	40W0o0201	87234
0z0N0	70w0dB	BUBuBZBLB	13506
4BWBo	B2B1B	zBNB7BwB	47071
dUUu	UZULU4UWU	oU2U1UzUN	24390
U7Uw	UduuZuLu	4uWuou2u1	35473
uzuNu7	uwudZZLZ4Z	WZoZ2Z1Zz	42307
ZNZ7	ZwZdLL	4LWLoL2L	94729
1LzLNL7	LwLd44	W4o42414	39206
z4N474	w4dWW	oW2W1WzWN	82980
W7Ww	Wdoo2	o1ozoNo7o	29015
wod2	212z	2N272w2d	68003
11	z1N1	71w1dzzN	94907
z7zwzd	NN7Nw	Nd77w7dww	24952
dd88I8	A8T8m8	r8H8s8f8h	44138
8'8J8/	8E868K	898q8p8e8	74996
M8R8G8V8	S8Q8	l8x8g8c8F	70456
8k8a8	v8y8b8	C858Y8n8	27464
i8X8	j8D8t	8O8P83808	12829
B8U8	u8Z8L84	8W8o82818	40972
z8N878	w8dIIA	ITImIrIH	18254
IsIf	IhI'IJI/I	EI6IKI9Iq	69732
IpIeIM	IRIGIV	ISIQIlIxI	65405
gIcIFI	kIaIvIyI	bICI5IYInI	12994
iIXI	jIDItI	OIPI3I0IB	7604
IUIuIZI	LI4IW	IoI2I1IzIN	40357
I7Iw	IdAAT	AmArAHAsAf	88706
AhA'AJ	A/AEA6AKA9Aq	ApAeAMARA	57702
GAVAS	AQAlAxA	gAcAFAkAa	96077
AvAyAb	ACA5A	YAnAiAXAjA	63260
DAtAOA	PA3A0ABAUA	uAZALA4AW	36396
AoA2A	1AzAN	A7AwAdTTm	19270
TrTHT	sTfT	hT'TJT/TE	43518
T6TKT9T	qTpTeT	MTRTGTVTS	61042
TQTlTxTg	TcTFTk	TaTvTyTbT	57883
CT5T	YTnT	iTXTjTDTt	9815
TOTPT3T0	TBTUT	uTZTLT4TW	14193
ToT2T	1TzTN	T7TwTdmmr	77421
mHmsm	fmhm'mJm/m	Em6mKm9m	18785
qmpmemM	mRmGmVmSm	Qmlmxmgmc	42564
mFmkm	amvmymbm	Cm5mYmnmim	57355
XmjmDm	tmOmPm	3m0mBmUmu	89282
mZm	Lm4mW	mom2m1mzm	73104
Nm7mwmd	rrHrsr	frhr'rJr/	27063
rEr6r	Kr9rq	rprerMrRr	87088
GrVrSrQ	rlrxrgr	crFrkrarv	84952
ryrbrCr5	rYr	nrirXrjrDr	25945
trOrP	r3r0rB	rUrurZrLr	39093
4rWr	or2r1rzr	Nr7rwrdHH	96720
sHfHh	H'HJ	H/HEH6HKH9	82724
HqHpHeHMH	RHGHVHS	HQHlHxHgH	33651
cHFHkH	aHvHy	HbHCH5HYH	42830
nHiH	XHjHDHt	HOHPH3H0H	19098
BHUHuH	ZHLH4HW	HoH2H1HzH	26046
NH7HwHds	sfsh	s'sJs/sEs	96843
6sKs9s	qspses	MsRsGsVsS	4290
sQslsxsg	scsFs	ksasvsysb	3519
sCs5sY	snsis	XsjsDsts	38265
OsPs	3s0sB	sUsusZsLs	30801
4sWso	s2s1sz	sNs7swsdf	20775
fhf'fJ	f/fEf6	fKf9fqfpf	8751
efMfR	fGfVfSf	Qflfxfgfc	50150
fFfkf	afvfyf	bfCf5fYfn	72792
fifXfj	fDftfOfP	f3f0fBfUf	90977
ufZfL	f4fWf	of2f1fzf	8849
Nf7fwfd	hh'hJh/	hEh6hKh9	41408
hqhph	ehMhRh	GhVhShQhlh	57640
xhghc	hFh	khahvhyhb	87320
hCh5hYh	nhihXh	jhDhthOhP	87247
h3h0h	BhUhuh	ZhLh4hWho	77108
h2h1h	zhNh	7hwhd''J'	24191
/'E'	6'K'9'q'	p'e'M'R'G'	32623
V'S'Q	'l'x'g'c	'F'k'a'v'y	54927
'b'C'	5'Y'n	'i'X'j'D	71967
't'O'	P'3'0'	B'U'u'Z'L	58632
'4'W'o'2'	1'z'N'	7'w'dJJ/J	12028
EJ6JK	J9JqJp	JeJMJRJG	16952
JVJS	JQJlJxJg	JcJFJkJaJ	94976
vJyJb	JCJ5JYJn	JiJXJjJDJ	26737
tJOJPJ3	J0JBJUJ	uJZJLJ4JW	50662
JoJ2J1JzJ	NJ7JwJ	d//E/6/K	59243
/9/q/p	/e/M/R	/G/V/S/Q	52207
/l/x/g/c	/F/k/a/	v/y/b/C/5	41552
/Y/n/	i/X/j/D	/t/O/P/3/	15045
0/B/U/u	/Z/L/4	/W/o/2/1/	92394
z/N/	7/w/dE	E6EKE9EqE	1302
pEeEME	REGEV	ESEQElExEg	85946
EcEFEkE	aEvEy	EbECE5EYE	91991
nEiEXE	jEDEtE	OEPE3E0EB	4852
EUEuEZE	LE4EWE	oE2E1EzEN	83198
E7EwEd	66K6	96q6p6e6M	43419
6R6G6	V6S6Q	6l6x6g6c6	64069
F6k6a6v	6y6b6	C656Y6n6i6	17803
X6j	6D6t6O	6P63606B6	80214
U6u6Z	6L646W6	o62616z6N6	97283
76w6dK	K9KqK	pKeKMKRKG	36420
KVKS	KQKlK	xKgKcKFKk	43490
KaKvKyK	bKCK5K	YKnKiKXKj	30337
KDKtK	OKPK	3K0KBKUK	34966
uKZKLK	4KWKoK	2K1KzKNK	25415
7KwKd99	q9p9e9M9	R9G9V9S9Q9	48152
l9x9g	9c9F9k9a9	v9y9b9C9	65936
59Y9n	9i9X9j	9D9t9O9P9	82867
3909B	9U9u9Z	9L949W9o9	12253
2919z9N9	79w9	dqqpqeqMq	23807
RqGqVq	SqQql	qxqgqcqFq	61470
kqaqvqy	qbqCq5	qYqnqiqXq	13662
jqDqtq	OqPq3	q0qBqUquq	90625
ZqLq	4qWqoq2	q1qzqNq7qw	31848
qdppepM	pRpGp	VpSpQplpx	55667
pgpcp	Fpkpapvpypb	pCp5pYpnp	23151
ipXpjp	DptpOpPp3p0	pBpUpupZpL	77938
p4pWpop	2p1pzp	Np7pwpdee	62925
MeReGeV	eSeQelex	egeceFekea	26233
eveyebe	Ce5eY	eneieXeje	37004
DeteOePe	3e0eBeU	eueZeLe4e	7823
Weoe2e	1ezeNe	7ewedMMRM	47359
GMVMSMQ	MlMxMgMcMF	MkMaMvMyM	5062
bMCM5	MYMn	MiMXMjMD	19163
MtMOMP	M3M0MB	MUMuMZMLM4	48555
MWMoM2	M1MzM	NM7MwMdRR	4141
GRVRS	RQRlRx	RgRcRFRkR	77580
aRvRy	RbRC	R5RYRnRiR	58497
XRjRDRt	RORP	R3R0RBRURu	52997
RZRLR4R	WRoR2	R1RzRNR7	10863
RwR	dGGVGSGQ	GlGxGgGcG	92916
FGkGa	GvGyGb	GCG5GYGnGi	50510
GXGjGDGtG	OGPG3G0	GBGUGuGZ	5877
GLG4	GWGoG2G1	GzGNG7GwG	39258
dVVSVQV	lVxVgVcVFV	kVaVvVyV	56380
bVCV5VYVn	ViVXVjVDV	tVOVPV3V0	41556
VB	VUVuVZ	VLV4VWVo	4960
V2V1	VzVNV	7VwVdSSQS	18596
lSxSgScSF	SkSaSv	SySbSCS5	53178
SYSnS	iSX	SjSDStSOS	36231
PS3S0S	BSUSuS	ZSLS4SWSo	9271
S2S	1SzSN	S7SwSdQQ	19465
lQxQ	gQcQF	QkQaQvQy	84816
QbQCQ5Q	YQnQiQXQ	jQDQtQOQP	59533
Q3Q0QBQ	UQuQ	ZQLQ4QWQo	84644
Q2Q1QzQ	NQ7Q	wQdllxlgl	85797
clFlk	lalvl	ylblCl5lY	33129
lnli	lXljl	DltlOlPl3	34610
l0lB	lUlul	ZlLl4lWlo	99161
l2l1	lzlNl	7lwldxxgx	58467
cxFxk	xaxvx	yxbxCx5xYx	72585
nxix	XxjxDx	txOxPx3x	29841
0xBx	Uxux	ZxLx4xWx	86303
ox2x1	xzxNx	7xwxdggcg	14621
Fgkgag	vgygbg	Cg5gYgngi	60414
gXgjgD	gtgOg	Pg3g0gBgU	88181
gugZgL	g4gWgog2	g1gzgNg7g	87270
wgdcc	Fckcacvcy	cbcCc5cYcn	2114
ci	cXcjcD	ctcOcPc3	85001
c0c	BcUc	ucZcLc4cW	84975
coc2	c1czc	Nc7cwcdFFk	31311
FaFvFyFbFC	F5FYFnF	iFXFjFDFtF	76494
OFPF	3F0FBF	UFuFZFLF4	67757
FWFoF2	F1FzFNF	7FwFdkkak	23667
vkykb	kCk5kYk	nkikXkjkD	59961
ktkOkPk	3k0kBkU	kukZkLk4k	19074
Wkok2	k1kzk	Nk7kwkdaa	40048
vayab	aCa5aY	anaiaXaja	54072
DataOaPa	3a0a	BaUauaZaL	67401
a4aWa	oa2a1a	zaNa7awa	16929
dvvyvbv	Cv5vY	vnvivXvjvD	94162
vtvOvP	v3v0vB	vUvuvZvLv	74131
4vWvov2	v1vzv	Nv7vwvdyy	62733
byCy5y	YynyiyX	yjyDytyOyP	19257
y3y0yByU	yuyZ	yLy4yWyoy	48414
2y1yzy	Ny7yw	ydbbCb5bY	30617
bnb	ibXbjb	DbtbObPb	16792
3b0b	BbUbubZb	Lb4bWbob	38063
2b1bzb	Nb7bwbd	CC5CYCnCiC	66636
XCjCD	CtCOCP	C3C0CBCUC	93305
uCZCLC	4CWCo	C2C1CzCNC7	36877
CwCd	55Y5n5i5	X5j5D5t5O	8310
5P5350	5B5U5u5Z	5L545W5o52	53578
515z5	N575w	5dYYnYiYX	97750
YjYDY	tYOYPY3	Y0YBYUYuY	59960
ZYLY4YWYo	Y2Y1Yz	YNY7YwYdnn	40239
inXnjnD	ntnOnP	n3n0nBnUnu	39119
nZnL	n4nWnon2	n1nznNn7n	95337
wnd	iiXijiDi	tiOiPi3i0	28551
iBiUi	uiZiLi	4iWioi2i1	24093
iziN	i7iwid	XXjXDXtX	21637
OXPX	3X0XB	XUXuXZXL	7276
X4XWX	oX2X1X	zXNX7XwXd	168
jjDjtj	OjPj3j0	jBjUjujZjL	16900
j4jWjo	j2j1	jzjNj7jwj	73038
dDDtDOD	PD3D	0DBDUDuD	23367
ZDLD4D	WDoD2D	1DzDND7Dw	28729
DdttOt	Pt3t0tB	tUtutZtL	91589
t4tW	tot2t1	tztNt7twt	52040
dOOPO	3O0OBOUOuO	ZOLO4OWOo	21770
O2O1OzO	NO7OwOd	PP3P0PBPU	18961
PuPZP	LP4P	WPoP2P1Pz	22677
PNP7P	wPd33	03B3U3u3	55680
Z3L34	3W3o	32313z3N37	19716
3w3d00	B0U0u0	Z0L040W0o	90606
02010z0	N070w0	dBBUBuBZB	13117
LB4BWBo	B2B1BzB	NB7BwBdU	7356
UuUZULU	4UWUo	U2U1UzUNU	59488
7UwUdu	uZuLu4	uWuou2u1u	22629
zuNu7uw	udZZLZ	4ZWZoZ2Z1	8311
ZzZNZ7Z	wZdLL	4LWLoL2L1	66339
LzLNL7	LwLd44	W4o42414z	56284
4N474w	4dWWo	W2W1WzWNW7	81448
WwWdoo	2o1oz	oNo7owod2	68481
212z2N	272w2d	11z1N171w1	5550
dzzNz	7zwzdNN	7NwNd77w7	4407
dwwd	d88I8A8T	8m8r8H8s8	75572
f8h8'	8J8/8E8	68K898q8p8	97499
e8M8R8G	8V8S	8Q8l8x8g8	37561
c8F8	k8a8v	8y8b8C858	27332
Y8n8i	8X8j	8D8t8O8P	64108
8380	8B8U	8u8Z8L848W	4552
8o8281	8z8N8	78w8dIIAIT	41157
ImIrI	HIsIfIhI'I	JI/IEI6IK	90067
I9Iq	IpIeIM	IRIGIVIS	56587
IQIlI	xIgIcIFI	kIaIvIyIbI	9527
CI5IYIn	IiIXI	jIDItIOIPI	53747
3I0	IBIUIuIZ	ILI4IWIoI	88671
2I1IzIN	I7IwId	AATAmArAH	29957
AsAfA	hA'A	JA/AEA6AK	91
A9Aq	ApAeAMAR	AGAVASAQAl	80149
AxAgAcA	FAkA	aAvAyAbA	98125
CA5AYAn	AiAXA	jADAtAOAP	58601
A3A0ABA	UAuAZAL	A4AWAoA2A	44927
1AzANA	7AwAdT	TmTrTHTsT	98965
fThT'T	JT/TET6TK	T9TqTpTeT	60495
MTRT	GTVTST	QTlTxTgTc	58564
TFTkTa	TvTyTb	TCT5TYTnT	16328
iTXTjT	DTtTO	TPT3T0TBTU	64957
TuTZT	LT4TWToT2T	1TzTNT7T	96167
wTdmm	rmHmsm	fmhm'mJm/	51102
mEm6m	Km9m	qmpmemMmR	67590
mGmVmS	mQmlm	xmgmcmFmk	80244
mamvmym	bmCm5mY	mnmimXmjm	62203
DmtmOm	Pm3m0	mBmUmumZ	53398
mLm	4mWmom	2m1mzmNm	98859
7mwmdr	rHrsrf	rhr'rJr/r	9825
Er6rKr	9rqrprer	MrRrGrVrSr	25857
Qrlrxrg	rcrFrk	rarvryrbr	62887
Cr5rYrnr	irXrjrD	rtrOrPr3r	90044
0rBrUr	urZrLr	4rWror2r1r	40206
zrNr7r	wrdHH	sHfHhH'H	86667
JH/HE	H6HKH9H	qHpHeHMHR	30242
HGHVHS	HQHlH	xHgHcHFHk	32563
HaHvH	yHbHCH5HY	HnHiHXHjH	90794
DHtHOHPH	3H0HBHUH	uHZHLH4H	89142
WHoH	2H1Hz	HNH7HwHds	88837
sfshs	'sJs/s	Es6sKs9sqs	94051
pses	MsRsG	sVsSsQsls	20936
xsgsc	sFsksa	svsysbsCs	79728
5sYsnsi	sXsj	sDstsOsPs	5961
3s0sB	sUsusZs	Ls4sWsos2	61712
s1szsN	s7sws	dffhf'fJf	1715
/fEf6f	Kf9f	qfpfefMfRf	10401
GfVfSfQfl	fxfgfc	fFfkfafvf	71183
yfbf	Cf5fY	fnfifXfjf	96607
DftfOf	Pf3f0fBf	UfufZfLf4	40958
fWfof2	f1fzf	Nf7fwfdh	54264
h'hJh/	hEh6	hKh9hqhphe	63543
hMhRh	GhVh	ShQhlhxhg	72035
hchFhk	hahvhyhbh	Ch5hYhnh	17442
ihXhj	hDhth	OhPh3h0hB	28207
hUhu	hZhL	h4hWhoh2h	86797
1hzhNh7	hwhd''	J'/'E'6'K	32788
'9'	q'p'e'M	'R'G'V'S	61258
'Q'l	'x'g'c	'F'k'a'v'y	84396
'b'C'	5'Y'n'i'	X'j'D't'O'	71609
P'3'	0'B	'U'u'Z'L'	88408
4'W'o'2	'1'z'	N'7'w'dJJ	10601
/JEJ6JK	J9Jq	JpJeJMJRJG	18192
JVJSJQJ	lJxJgJ	cJFJkJaJvJ	39554
yJbJC	J5JYJnJ	iJXJjJDJt	11785
JOJPJ3	J0JBJU	JuJZJLJ4JW	68674
JoJ2J1J	zJNJ7JwJ	d//E/6/K/	8047
9/q/	p/e/	M/R/G/V/	83676
S/Q/	l/x/g/c	/F/k/a/v	93360
/y/b	/C/5/Y/	n/i/X/j/D/	78725
t/O/P/	3/0/	B/U/u/Z/L	98967
/4/W/	o/2/1/z	/N/7/w/d	61969
EE6EKE	9EqEpE	eEMEREGEV	35824
ESEQElE	xEgE	cEFEkEaEv	2025
EyEbECE	5EYEnEi	EXEjEDEtEO	89426
EPE3E0EB	EUEuEZ	ELE4EWEoE	32774
2E1Ez	ENE7Ew	Ed66K696	94176
q6p6e6	M6R6G	6V6S6Q6l6	54886
x6g6c6	F6k6a6v6y	6b6C656Y6	10668
n6i6X6	j6D6t6O6P	63606B6U	24918
6u6Z6L6	46W6o6	2616z6N67	10011
6w6dKK	9KqKp	KeKMKRKGK	95991
VKSKQK	lKxKgK	cKFKkKaKvK	77753
yKbKCK	5KYKn	KiKXKjKD	6753
KtKOK	PK3K	0KBKUKuKZ	25549
KLK4K	WKoK	2K1KzKNK	87257
7KwKd	99q9p9e	9M9R9G9V9S	74483
9Q9l9	x9g9c9F9k9	a9v9y9b9C	2530
959Y9n9	i9X9j9	D9t9O9P93	2450
909B9U	9u9Z9L	949W9o929	71315
19z9N97	9w9dqq	pqeqMqRqG	9869
qVqSq	Qqlq	xqgqcqFq	67743
kqaq	vqyqb	qCq5qYqnq	69520
iqXqjqD	qtqOq	Pq3q0qBqU	40249
quqZqL	q4qW	qoq2q1qzq	72706
Nq7qwq	dppepMpR	pGpVpSpQ	94721
plpxp	gpcpFpk	papvpypb	95380
pCp5pYp	npipXpj	pDptpOpPp	52360
3p0p	BpUp	upZpLp4pW	45249
pop2p1	pzpNp	7pwpdeeMe	97035
ReGeVeS	eQel	exegeceFe	72191
keaeve	yebe	Ce5eYene	78429
ieXe	jeDete	OePe3e0eB	43649
eUeu	eZeL	e4eWeoe2e	2287
1ezeNe	7ewedMM	RMGMVMSM	29986
QMlMxMgM	cMFMkMa	MvMyMbMCM	20392
5MYMnM	iMXMjM	DMtMOMPM3M	19080
0MBMU	MuMZMLM	4MWMoM2M1M	57653
zMNM	7MwMdRRG	RVRSRQRlRx	75292
RgRcRFR	kRaRvR	yRbRCR5RY	25443
RnRi	RXRjRD	RtRORPR3R	73307
0RBRU	RuRZRL	R4RWRoR2R	9151
1RzRNR7	RwRdGGV	GSGQGlGx	65041
GgGcGF	GkGa	GvGyGbGCG5	94849
GYGnG	iGXGjG	DGtGOGPG	19147
3G0GB	GUGuG	ZGLG4GWGo	25051
G2G1G	zGNG7GwG	dVVSVQVl	21810
VxVgVcV	FVkVa	VvVyVbVCV5	80270
VYVnV	iVXV	jVDVtVOV	55780
PV3V0V	BVUVu	VZVLV4VWV	36897
oV2V1Vz	VNV7V	wVdSSQSlSx	86189
SgScS	FSkSa	SvSySbSC	89976
S5SYS	nSiSXS	jSDStSOSP	13309
S3S0	SBSUS	uSZSLS4S	87406
WSoS2S	1SzSN	S7SwSdQQ	4036
lQxQg	QcQFQkQaQ	vQyQbQCQ5Q	85547
YQnQi	QXQjQ	DQtQOQPQ3	11251
Q0QBQU	QuQZQL	Q4QWQoQ2Q	56346
1QzQNQ7	QwQdll	xlglclFlk	14321
lal	vlylb	lCl5lYlnl	52427
ilXlj	lDltlOl	Pl3l0lBlU	47376
lulZlL	l4lWlol2	l1lzlNl7	25714
lwldxxgx	cxFx	kxaxvxyxb	60345
xCx5x	Yxnxi	xXxjxDxt	39526
xOxPx	3x0xBxU	xuxZxLx4	78060
xWxox	2x1	xzxNx7xw	62662
xdggcgFg	kgagvgy	gbgCg5gYg	14611
ngigX	gjgD	gtgOgPg3	7900
g0gB	gUgugZg	Lg4gWgog	85002
2g1gz	gNg7gw	gdccFckca	53433
cvcycbc	Cc5cYcn	cicXcjcDc	7420
tcOcPc	3c0c	BcUcucZcL	10409
c4cWcoc2	c1czcN	c7cwcdFFk	86583
FaFvF	yFbFC	F5FYFnFiF	94179
XFj	FDFt	FOFPF3F0F	22766
BFUFuFZ	FLF4FW	FoF2F1FzF	67132
NF7Fw	Fdkkak	vkykbkCk5	1194
kYknkikXk	jkDktk	OkPk3k0kB	80547
kUku	kZkLk4	kWkok2k1k	50600
zkNk7	kwkdaa	vayabaCa	42473
5aYanaia	XajaDa	taOaPa3a0	54051
aBaUau	aZaLa4a	Waoa2a1az	52630
aNa7awa	dvvyvbvC	v5vYvnvi	80671
vXvjvDv	tvOvP	v3v0vBvU	24819
vuvZv	Lv4vWv	ov2v1vzv	79894
Nv7vwvd	yybyC	y5yYynyiy	62409
XyjyD	ytyO	yPy3y0yByU	44375
yuyZyL	y4yWyo	y2y1yzyNy	45432
7ywydbb	Cb5bYb	nbibXbjbD	34646
btbOb	Pb3b0bB	bUbubZbLb	14040
4bWbo	b2b1bz	bNb7bwbdCC	81190
5CYCn	CiCXCjC	DCtCOCPC3	80353
C0CBCUCu	CZCLC4CW	CoC2C1CzC	51841
NC7CwCd5	5Y	5n5i5X5j5	5421
D5t5O	5P535	05B5U5u5Z5	66121
L54	5W5o525	15z5N575w5	15756
dYYnYiYX	YjYDY	tYOYPY3Y0	75704
YBYUY	uYZYLY4YW	YoY2Y1YzY	88710
NY7Yw	YdnninXn	jnDntnOnP	60735
n3n0n	BnUnunZ	nLn4nWnon2	81317
n1nznNn	7nwndiiXiji	DitiOiPi3i	50437
0iBi	UiuiZi	Li4iWioi2	11399
i1izi	Ni7iwi	dXXjXDXtX	22178
OXPX	3X0X	BXUXuXZXL	50303
X4XWXo	X2X1XzX	NX7XwXdjj	72805
DjtjOjP	j3j0	jBjUjujZj	23055
Lj4jWj	oj2j1j	zjNj7jwjd	90100
DDtDO	DPD3D0DB	DUDuDZDLD4	14920
DWDoD2D1	DzDND	7DwDdttOt	73010
Pt3t0tBtU	tutZtL	t4tWtot2t	74736
1tztNt7	twtdOO	PO3O0OBOUO	46365
uOZO	LO4OWOo	O2O1OzONO7	25859
OwOdPP3	P0PBP	UPuPZPLP4	88697
PWPoP	2P1PzPN	P7PwPd3303	92692
B3U3u3Z	3L34	3W3o32313	83739
z3N37	3w3d	00B0U0u0Z	34210
0L040	W0o020	10z0N070w	50267
0dBBU	BuB	ZBLB4BWB	78710
oB2B1Bz	BNB7BwBdUU	uUZULU4UWU	94749
oU2U1U	zUNU7U	wUduuZuLu	50586
4uWuou2	u1uzuNu7	uwudZZLZ4	28086
ZWZoZ2	Z1ZzZNZ7Zw	ZdLL4LWLo	35884
L2L1LzL	NL7Lw	Ld44W4o42	27241
414z4N474w4	dWWoW	2W1WzWNW7	62192
WwWd	oo2o1oz	oNo7owod2	69493
212z2	N272w2	d11z1N17	48405
1w1dzzN	z7zw	zdNN7NwNd	95783
77w7dwwd	d88I	8A8T8m8r	51462
8H8s	8f8h8'8J8/	8E868K898	46549
q8p8e8	M8R8G8V	8S8Q8l8x	71721
8g8c	8F8k8a	8v8y8b8C8	28710
58Y8n8	i8X8j8	D8t8O8P8	66327
3808B8U	8u8Z8L8	48W8o8281	64912
8z8N878w8	dIIAIT	ImIrIHIsI	96844
fIhI'IJ	I/IEI6	IKI9IqIp	67459
IeIMIR	IGIVI	SIQIlIxI	60165
gIcIFIkI	aIvIy	IbICI5IYI	1806
nIiI	XIjIDItI	OIPI3I0IB	68993
IUIuIZIL	I4IWI	oI2I1IzIN	30847
I7IwIdAA	TAmAr	AHAsAfAhA'	11771
AJA/A	EA6AKA9	AqApAeAM	31501
ARAGA	VASAQA	lAxAgAcAF	19183
AkAaAvA	yAbACA	5AYAnAiAX	58965
AjADAt	AOAPA3A	0ABAUAuAZA	69891
LA4AWAo	A2A1A	zANA7AwAd	99237
TTmTr	THTsTf	ThT'TJT/T	34504
ET6TKT	9TqTpT	eTMTRTGTV	8173
TSTQTl	TxTgTcTF	TkTaTvTyT	78211
bTCT5TY	TnTiT	XTjTDTtTO	38502
TPT3T0T	BTUTu	TZTLT4TWT	87085
oT2T1	TzTNT7	TwTdmmrmH	95140
msmf	mhm'	mJm/mEm6m	7570
Km9mq	mpmemMm	RmGmVmSmQm	49511
lmxmg	mcmFmk	mamvmymbmC	40043
m5mYmnm	imXmjmD	mtmOmPm3	80006
m0mBmU	mumZm	Lm4mWmom	82118
2m1mz	mNm7mw	mdrrHrsrf	54460
rhr'rJ	r/rEr6	rKr9rqrp	81181
rerMrR	rGrVrS	rQrlrxrgr	13521
crFrk	rarv	ryrbrCr5r	965
Yrnri	rXrjrDr	trOrPr3r	90580
0rBrUr	urZrLr4	rWror2r1r	82671
zrNr7	rwrdHH	sHfHhH'H	44223
JH/HEH6	HKH9H	qHpHeHMHR	4063
HGHVHSHQ	HlHx	HgHcHFHkH	19681
aHvHyHb	HCH5HY	HnHiHXHjH	26578
DHtH	OHPH3H0	HBHUHuHZHL	69760
H4HWH	oH2H1H	zHNH7HwHd	44391
ssfshs'sJ	s/sEs6s	Ks9sqspse	96310
sMsR	sGsVsS	sQslsxsgs	9817
csFsksasvsy	sbsCs5sYsn	sisXsjsDs	22137
tsOsP	s3s0s	BsUsusZsL	59351
s4sW	sos2s	1szsNs7sw	23496
sdffhf'	fJf/fE	f6fKf9fqf	74213
pfefM	fRfGfVfSf	Qflfxfgf	73123
cfFfk	fafvfyf	bfCf5fYf	30793
nfifXfjf	DftfOfPf	3f0fBfUfuf	28726
ZfLf4f	Wfof2	f1fzfNf7	82489
fwfdh	h'hJh/h	Eh6hKh9hq	31258
hphehMhRh	GhVhS	hQhlhxhghc	42660
hFhkh	ahvh	yhbhCh5h	63658
YhnhihX	hjhD	hthOhPh3h	53165
0hBh	UhuhZ	hLh4hWhoh	44802
2h1hz	hNh7h	whd''J'/	68790
'E'6'K	'9'q	'p'e'M'R'	37360
G'V'S'Q	'l'x'g	'c'F'k'a'	20373
v'y'b	'C'5'Y	'n'i'X'j'	46785
D't'O	'P'3'	0'B'U'u'Z	57493
'L'4'	W'o'2	'1'z'N'7'	66066
w'dJJ/	JEJ6	JKJ9JqJpJe	77383
JMJRJGJ	VJSJQJl	JxJgJcJFJk	96643
JaJvJ	yJbJCJ5	JYJnJiJX	52775
JjJDJt	JOJPJ3	J0JBJUJuJ	17179
ZJLJ4J	WJoJ2J1J	zJNJ7JwJ	40389
d//E	/6/K/9	/q/p/e/M/	47791
R/G/	V/S/Q/l	/x/g/c/F/	80843
k/a/v/	y/b/	C/5/Y/n/i/	9265
X/j/D	/t/O/P	/3/0/B/U/	82177
u/Z/L	/4/W/o	/2/1/z/N/7	46004
/w/d	EE6EK	E9EqEpEeEM	16564
EREGEVE	SEQElE	xEgEcEFEkE	75664
aEvEyE	bECE5EY	EnEiEXEjE	70631
DEtEO	EPE3E	0EBEUEuE	75826
ZELE	4EWE	oE2E1EzEN	49751
E7EwEd6	6K696q6p6	e6M6R6G6	21229
V6S6Q6l	6x6g6c	6F6k6a6v6	12400
y6b6C	656Y	6n6i6X6j6D	1345
6t6O6P	6360	6B6U6u6Z6L	78378
646W6o	62616z6N	676w6dKK	44850
9KqKp	KeKM	KRKGKVKSK	60283
QKlKxKgKc	KFKk	KaKvKyKbK	46295
CK5KYK	nKiKX	KjKDKtKO	39458
KPK3K0KB	KUKuKZKL	K4KWKoK2K	24282
1Kz	KNK7KwK	d99q9p9e9	73373
M9R9G9V	9S9Q9l9	x9g9c9F9k	81594
9a9v9	y9b9C9	59Y9n9i9	29678
X9j9D9	t9O9P9	3909B9U9u	26312
9Z9	L949W9o92	919z9N979	74194
w9dqqpq	eqMqRq	GqVqSqQql	40208
qxqgqc	qFqkqaq	vqyqbqCq5	21348
qYqnqi	qXqj	qDqtqOqPq	90873
3q0qBq	UquqZqL	q4qWqoq2q	94172
1qzqNq7	qwqdppe	pMpRpGpVp	67326
SpQplpxp	gpcpFp	kpapvpypb	59670
pCp5p	YpnpipX	pjpDptpOp	20211
Pp3p	0pBpUpu	pZpLp4pW	25253
pop2p	1pzpNp	7pwpdeeM	99818
eReG	eVeSeQe	lexegeceFe	61455
keae	veyebeC	e5eYeneieX	63419
ejeD	eteOeP	e3e0eBeUe	28615
ueZeL	e4eWeoe2	e1ezeNe7e	45320
wedMM	RMGMVMS	MQMlMxMgM	44356
cMFMkMa	MvMy	MbMCM5MYM	35616
nMiMXMj	MDMt	MOMPM3M0MB	72235
MUMuMZM	LM4MW	MoM2M1MzM	50131
NM7MwM	dRRGRVRS	RQRlRxRgR	39798
cRFRkR	aRvRyRbR	CR5RYRnRi	29991
RXRjRD	RtRORPR3	R0RBRURuR	26917
ZRLR4R	WRoR2R1	RzRNR7RwR	24392
dGGVGSG	QGlGxGgG	cGFGkGaGv	10341
GyGbGCG	5GYGnGi	GXGjGDGt	30487
GOGP	G3G0G	BGUGuGZGL	26177
G4GWGo	G2G1G	zGNG7GwGd	8767
VVSVQV	lVxVg	VcVFVkVaV	12067
vVyVbV	CV5VYV	nViVXVjVD	21762
VtVOVPV3	V0VBV	UVuVZVLV4V	76593
WVoV2V1	VzVNV	7VwVdSSQ	43984
SlSxSgS	cSFSkSaS	vSySbSCS5S	70236
YSnSiS	XSjSDS	tSOSPS3S0	90554
SBSUSuS	ZSLS4	SWSoS2S1S	44150
zSNS7S	wSdQQl	QxQgQcQFQ	65363
kQaQv	QyQbQCQ5	QYQnQiQXQj	97244
QDQtQO	QPQ3Q0	QBQUQuQZQ	48703
LQ4QWQ	oQ2Q1Q	zQNQ7QwQd	96157
llxlg	lclFlkla	lvlylblCl	34621
5lYlnli	lXljl	DltlOlPl	53380
3l0lB	lUlulZ	lLl4lWlol	88095
2l1l	zlNl7lw	ldxxgxcxF	53082
xkxa	xvxyxbxCx	5xYxnxixX	67709
xjxDxt	xOxPx3	x0xBxUxux	66377
ZxLx4x	Wxox	2x1xzxNx7	56225
xwxd	ggcgF	gkgagvgy	58803
gbg	Cg5gYgng	igXgjgDgt	38548
gOgPg3	g0gBgU	gugZgLg4g	56707
Wgog2	g1gzgNg	7gwgdccFc	42377
kcac	vcyc	bcCc5cYc	47575
ncic	XcjcDc	tcOcPc3c0	82776
cBcUc	ucZcLc	4cWcoc2c1	57591
czcNc	7cwcd	FFkFaFvF	24004
yFbFCF	5FYFn	FiFXFjFD	63760
FtFOF	PF3F0	FBFUFuFZFL	98144
F4FWF	oF2F1Fz	FNF7FwFdk	84763
kakv	kykbkCk	5kYknkikXk	33065
jkDktkO	kPk3	k0kBkUkuk	70632
ZkLk4k	Wkok2k1	kzkNk7kwk	69643
daava	yabaCa5	aYanaiaXaj	55768
aData	OaPa3	a0aBaUaua	90692
ZaLa	4aWaoa2a1a	zaNa7awa	94038
dvvyv	bvCv5vY	vnvivXvjvD	30788
vtvOv	Pv3v0vBv	UvuvZvLv4	72878
vWvo	v2v1vzvN	v7vwvdyyby	13459
Cy5y	YynyiyXy	jyDytyOyP	31132
y3y0	yByUyuy	ZyLy4yWy	25168
oy2y1	yzyN	y7ywydbb	63140
Cb5bYb	nbibXb	jbDbtbObP	18310
b3b0b	BbUbubZ	bLb4bWbob	566
2b1bzbNb7	bwbdC	C5CYCnCiC	27208
XCjCDCtC	OCPC3C0C	BCUCuCZCL	77884
C4CW	CoC2C1	CzCNC7Cw	46692
Cd55Y5n	5i5X5	j5D5t5O5	34829
P53505B	5U5u5Z	5L545W5o5	47185
2515z5N	575w5dY	YnYiYXYjY	67843
DYtYOYP	Y3Y0YB	YUYuYZYLY4	84977
YWYoY2	Y1YzY	NY7YwYdnn	42266
inXnjnD	ntnOnPn3n0	nBnUnunZn	52833
Ln4nWn	on2n1nz	nNn7nwndi	7411
iXijiD	itiOi	Pi3i0iBiUi	79988
uiZi	Li4iWio	i2i1iziNi	19427
7iwidXX	jXDXtXO	XPX3X0XBX	21413
UXuXZ	XLX4X	WXoX2X1Xz	8527
XNX7Xw	XdjjDjt	jOjPj3j0j	36628
BjUj	ujZjL	j4jWjoj2j	97328
1jzjNj7	jwjdD	DtDODPD3D	80477
0DBDUDuD	ZDLD4DWDo	D2D1DzDND	97709
7DwDdtt	OtPt3t0	tBtUtutZ	37962
tLt4t	Wtot2t1	tztNt7twt	3956
dOOPO	3O0OBO	UOuOZOLO4	52680
OWO	oO2O1Oz	ONO7OwOdP	72062
P3P0PBP	UPuPZPLP	4PWPoP2P1P	27454
zPNP7	PwPd3	303B3U3u3Z	7037
3L343W3	o3231	3z3N373w	78822
3d00B0U0	u0Z0L040W	0o02010z	8474
0N070w0dBBU	BuBZBL	B4BWBoB2	96726
B1Bz	BNB7Bw	BdUUuUZUL	45911
U4UWUoU	2U1Uz	UNU7UwUdu	1864
uZuLu4	uWuo	u2u1uzuN	88669
u7uwu	dZZLZ4	ZWZoZ2Z1Zz	15522
ZNZ7Z	wZdLL4LWLo	L2L1LzLNL	27170
7LwLd44W	4o4241	4z4N474w4	13962
dWWoW2	W1WzWN	W7WwWdoo	42939
2o1ozoNo	7owod2	212z2N272	3010
w2d11	z1N171w	1dzzNz7zw	78384
zdNN7NwNd	77w7d	wwdd88I8A8	81211
T8m8r8H	8s8f8h8	'8J8/8E86	7775
8K898	q8p8e8M	8R8G8V8S8	5207
Q8l8x	8g8c8	F8k8a8v8	1699
y8b8C85	8Y8n8i	8X8j8D8t8	40275
O8P8	3808B8U	8u8Z8L848	83224
W8o8	2818z8N	878w8dIIA	55775
ITIm	IrIHIs	IfIhI'IJ	77790
I/IEI	6IKI9	IqIpIeIMIR	56906
IGIVIS	IQIlIxI	gIcIFIkIa	72535
IvIyIbI	CI5IYI	nIiIXIjI	24803
DItIOIPI3	I0IBI	UIuIZILI	99633
4IWIoI2	I1Iz	INI7IwId	9919
AATAmAr	AHAs	AfAhA'AJ	55403
A/AEA6	AKA9A	qApAeAMARA	36766
GAVASA	QAlAx	AgAcAFAkA	85978
aAvAy	AbACA5	AYAnAiAX	12824
AjAD	AtAOA	PA3A0ABAU	8206
AuAZAL	A4AWAo	A2A1AzAN	5742
A7AwAdT	TmTrT	HTsTfThT'T	19290
JT/TET6	TKT9	TqTpTeTMT	65945
RTGTV	TSTQTl	TxTgTcTFTk	34572
TaTvTy	TbTCT5	TYTnTiTX	21063
TjTD	TtTOTP	T3T0TBTUT	90119
uTZTLT	4TWToT2	T1TzTNT7	7578
TwTd	mmrmH	msmfmhm'mJ	66793
m/mEm6	mKm9m	qmpmemMmRm	52386
GmVmS	mQmlm	xmgmcmFm	92837
kmamvmym	bmCm5mY	mnmimXmjm	98280
DmtmOm	Pm3m	0mBmUmumZ	28429
mLm4	mWmom2m1	mzmNm7mwm	32691
drrHr	srfrh	r'rJr/rEr	40824
6rKr9rq	rprerMr	RrGrVrSr	96756
Qrlrxrg	rcrFrkr	arvryrbrCr	45029
5rYrnr	irXrjr	DrtrOrPr	42885
3r0r	BrUrur	ZrLr4rWror	77548
2r1rzrN	r7rwrdHH	sHfHhH'HJ	57199
H/HEH6H	KH9HqHpH	eHMHRHGHV	44874
HSHQHlH	xHgHc	HFHkHaHvH	72368
yHbHC	H5HYHnHiH	XHjHDHtHO	46700
HPH3H	0HBHUHu	HZHLH4HWH	77570
oH2H1H	zHNH7Hw	Hdssfshs'	73636
sJs/s	Es6sKs9sq	spsesMsRs	22887
GsVsS	sQslsxs	gscsFsksa	62625
svsysbs	Cs5sYsnsi	sXsjsDst	46339
sOsPs3s	0sBsUsusZ	sLs4sWso	57507
s2s1sz	sNs7	swsdffhf'	91453
fJf/fEf	6fKf9	fqfpfefMf	70763
RfGf	VfSfQfl	fxfgfcfFfk	305
fafvf	yfbfCf5fY	fnfifXfjf	60077
DftfOf	Pf3f0fB	fUfufZfLf4	46251
fWfof2f	1fzfNf7	fwfdhh'h	73702
Jh/hEh	6hKh	9hqhphehM	32462
hRhGh	VhSh	Qhlhxhghc	46723
hFhkhah	vhyhbh	Ch5hYhnhih	55886
XhjhDht	hOhPh3h0	hBhUhuhZhL	44023
h4hWh	oh2h1	hzhNh7hwh	90040
d''J'	/'E'6	'K'9'q'p	8870
'e'M'R'	G'V'S'	Q'l'x'g'c	77337
'F'k'a	'v'y'b	'C'5'Y'n'i	1247
'X'j	'D't'O	'P'3'0'B'	5053
U'u'Z'L	'4'W'o'	2'1'z'N'7	28692
'w'dJ	J/JE	J6JKJ9JqJ	69001
pJeJMJR	JGJVJSJ	QJlJxJgJcJ	26248
FJkJa	JvJy	JbJCJ5JYJ	78096
nJiJX	JjJDJ	tJOJPJ3J0	20869
JBJUJu	JZJLJ4	JWJoJ2J1J	37271
zJNJ7J	wJd//E	/6/K/9/q/	77128
p/e	/M/R/G	/V/S/Q/l/x	22148
/g/c/F/	k/a/v	/y/b/C/5/Y	88693
/n/i/	X/j/D	/t/O/P/3/	63889
0/B/U/u/Z	/L/4/W/o	/2/1/z/N/	72187
7/w/	dEE6EKE9E	qEpEeEME	10489
REGE	VES	EQElExEgE	5770
cEFEkE	aEvEyE	bECE5EYE	31919
nEiEXEj	EDEtEOEP	E3E0EBEUE	12853
uEZEL	E4EWEoE2E1	EzENE7EwE	57480
d66K	696q6	p6e6M6R6G	85687
6V6S6	Q6l6	x6g6c6F6	62598
k6a6v6	y6b6C65	6Y6n6i6X	86056
6j6D6	t6O6P	63606B6U	42110
6u6Z6L6	46W6o6	2616z6N67	87135
6w6dK	K9KqKpK	eKMKRKGKV	165
KSKQKl	KxKgK	cKFKkKaKvK	36102
yKbK	CK5KYKn	KiKXKjKD	58795
KtKOKPK	3K0KBKUK	uKZKLK4K	46470
WKoK2K1	KzKN	K7KwKd99	7613
q9p9e	9M9R9	G9V9S9Q9l	8630
9x9g9c9	F9k9a9v9	y9b9C959Y	24336
9n9i9X9	j9D9t9O9	P93909B9U	52748
9u9Z	9L949W	9o92919z9	21325
N979	w9dqqpq	eqMqRqGq	34599
VqSqQ	qlqxqgqc	qFqkqaqvq	80251
yqbqCq	5qYqnqi	qXqjqDqtq	59507
OqPq3q0q	BqUquqZqLq4	qWqoq2q1q	44977
zqNq7q	wqdppep	MpRpGpVpS	73836
pQplp	xpgp	cpFpkpapv	73574
pypbpCp	5pYpn	pipXpjpD	62954
ptpOp	Pp3p	0pBpUpupZ	80598
pLp4	pWpop2p	1pzpNp7pw	33100
pdeeM	eReGe	VeSeQelex	13005
egece	Fekea	eveyebeC	63923
e5eYene	ieXejeDe	teOePe3e0	23841
eBeUeu	eZeLe	4eWeoe2e1	58370
ezeN	e7ewed	MMRMGMVMS	38720
MQMlMx	MgMc	MFMkMaMvM	62643
yMbMCM	5MYMnMiMX	MjMDMtMO	90121
MPM3M0M	BMUMu	MZMLM4MWM	93379
oM2M1	MzMNM7Mw	MdRRGRVRS	76984
RQRlR	xRgRcR	FRkRaRvRy	69444
RbRC	R5RYRnRiR	XRjRDRtROR	96085
PR3R0RBR	URuRZ	RLR4RWRoR	67124
2R1	RzRN	R7RwRdGGV	70300
GSGQGlG	xGgG	cGFGkGaGvG	61165
yGbGCG5	GYGnGiG	XGjGDGtGOG	97385
PG3G	0GBGUG	uGZGLG4GW	8063
GoG2G	1GzGNG7	GwGdVVSVQ	92465
VlVx	VgVcVFV	kVaVvVyVb	23374
VCV5V	YVnViV	XVjVDVtV	42849
OVPV3V	0VBVU	VuVZVLV4VW	19195
VoV2V1	VzVNV7	VwVdSSQSl	45169
SxSgS	cSFSkSa	SvSySbSCS	51137
5SYSnSiSXSj	SDStSOS	PS3S0SBSU	37766
SuSZS	LS4SW	SoS2S1SzS	73696
NS7SwS	dQQlQxQ	gQcQFQkQ	11161
aQvQyQ	bQCQ5QYQn	QiQXQjQDQ	89838
tQOQPQ3Q	0QBQUQ	uQZQLQ4QW	49754
QoQ	2Q1QzQ	NQ7QwQdl	21935
lxlglc	lFlkl	alvlylblCl	27625
5lYlnl	ilXljlDl	tlOlPl3l	44778
0lBlUl	ulZlLl4	lWlol2l1l	46711
zlNl7l	wldxxgx	cxFxkxax	64852
vxyxbx	Cx5x	YxnxixXxj	78928
xDxtxOxP	x3x0xBxU	xuxZxLx4x	8472
Wxox2x1xz	xNx7	xwxdggcgF	46457
gkgagv	gygbgC	g5gYgngigX	41941
gjgDgt	gOgPg3g0g	BgUgugZgL	92478
g4gWgog2	g1gzgNg7	gwgdccFckc	74848
acvc	ycbcCc5	cYcncicXc	8703
jcDct	cOcPc3c	0cBcUcucZ	49587
cLc4cWco	c2c1cz	cNc7cwcd	52346
FFkFaF	vFyFbF	CF5FYFnFi	81684
FXFjFD	FtFOFPF	3F0FBFUFu	33518
FZFLF	4FWFoF	2F1FzFNF7	48459
FwFdk	kakvkykb	kCk5kYknk	44917
ikXkjk	DktkOkPk3	k0kBkUku	18794
kZkL	k4kWkok2	k1kzkNk7	86361
kwkd	aavayabaC	a5aYanaia	65100
XajaDat	aOaPa3	a0aBaUauaZ	14113
aLa4aWa	oa2a1	azaNa7aw	25019
advvyvb	vCv5vYvn	vivXvjvD	92257
vtvOvP	v3v0vBv	UvuvZvLv4	88704
vWvov2v1vzv	Nv7vwvd	yybyCy5yY	56785
ynyiyXy	jyDyt	yOyPy3y0y	51589
ByUyuyZ	yLy4yWy	oy2y1yzyNy	82046
7ywyd	bbCb5b	YbnbibXb	17664
jbDbt	bObPb3b	0bBbUbubZ	78064
bLb4bWb	ob2b1bzb	Nb7bwbdCC	77616
5CYC	nCiCXCjC	DCtCOCPC3	54166
C0CBCUCu	CZCLC	4CWCoC2C1	36691
CzCNC7	CwCd55Y	5n5i5X5j5D	76991
5t5O5P5	3505B	5U5u5Z5L5	37459
45W5o525	15z5N5	75w5dYYnYi	99171
YXYjYDY	tYOYP	Y3Y0YBYU	84923
YuYZYLY	4YWYoY	2Y1YzYNY7	97480
YwYdnnin	XnjnDn	tnOnPn3n0	20060
nBnU	nunZnLn	4nWnon2n	40851
1nznNn7	nwndii	XijiDitiO	54872
iPi3i0iB	iUiuiZ	iLi4iWioi2	12192
i1izi	Ni7iwidX	XjXDXtXOX	59388
PX3X0X	BXUXuXZXL	X4XWXoX2X1	59409
XzXNX7X	wXdjj	DjtjOjPj3	89847
j0jBj	UjujZjLj	4jWjoj2j	37707
1jzjN	j7jwj	dDDtDODPD	23306
3D0DBDUDuDZ	DLD4DW	DoD2D1Dz	33958
DND7Dw	DdttO	tPt3t0tBtU	12243
tutZtLt	4tWtot2t1tzt	Nt7twtdO	31712
OPO3O0O	BOUOu	OZOLO4OW	46995
OoO2O	1OzON	O7OwOdPP3	89344
P0PBP	UPuPZ	PLP4PWPoP	8185
2P1PzP	NP7PwPd	3303B3U3u	66989
3Z3L	343W3	o32313z3	87490
N373w3d	00B0U0u	0Z0L040W0o	73561
02010z	0N070w	0dBBUBuBZ	4797
BLB4B	WBoB2B1B	zBNB7BwBd	67215
UUuU	ZULU4UW	UoU2U1UzU	43087
NU7Uw	UduuZuL	u4uWuou2u1	43458
uzuNu	7uwudZZLZ	4ZWZoZ2Z	47565
1ZzZ	NZ7ZwZd	LL4LWLoL	25329
2L1LzL	NL7LwLd	44W4o4241	22634
4z4N	474w4dW	WoW2W1WzW	83462
NW7Ww	Wdoo2	o1ozoNo7o	42757
wod221	2z2N2	72w2d11z1	86433
N171w1	dzzNz7zw	zdNN7NwNd7	94667
7w7dw	wdd88I8A	8T8m8r8H8	99231
s8f8h8	'8J8/	8E868K898q	61314
8p8e8M8	R8G8V8S8Q8	l8x8g8c8F	92014
8k8a8	v8y8b	8C858Y8n8	17558
i8X8j8D	8t8O	8P83808B8	39201
U8u8Z8	L848W8o	82818z8N	82021
878w8d	IIAITI	mIrIHIsIfI	21727
hI'IJ	I/IEI6IKI9	IqIpIeIMIR	92506
IGIVISIQI	lIxIgIc	IFIkIaIvI	97078
yIbI	CI5IYI	nIiIXIjI	22758
DItIO	IPI3	I0IBIUIuI	50147
ZILI4I	WIoI2	I1IzINI7I	34490
wIdAA	TAmArA	HAsAfAhA	9666
'AJA/A	EA6AKA	9AqApAeAMA	80024
RAGAVAS	AQAlAx	AgAcAFAkA	82942
aAvAy	AbA	CA5AYAnAiA	80052
XAjA	DAtAO	APA3A0ABA	6292
UAuAZALA4	AWAoA	2A1AzANA	40125
7AwAd	TTmT	rTHTsTfTh	19893
T'TJT/T	ET6TK	T9TqTpTe	31421
TMT	RTGTVTST	QTlTxTgTc	45910
TFTkTa	TvTyTb	TCT5TYTnTi	38490
TXTjTD	TtTOTPT	3T0TBTUTu	26531
TZTL	T4TWT	oT2T1TzTN	59937
T7TwT	dmmrm	Hmsmfmhm'm	49175
Jm/mEm6mK	m9mqm	pmemMmRm	26825
GmVmSmQm	lmxmg	mcmFmkmam	53818
vmym	bmCm5m	YmnmimXmj	68625
mDmtmO	mPm3m0mBm	UmumZmLm4	74138
mWmom2	m1mzmN	m7mwmdrrHr	54022
srfrhr'	rJr/rE	r6rKr9rq	36939
rprer	MrRrGr	VrSrQrlrx	12034
rgrc	rFrk	rarvryrbr	16898
Cr5rYr	nrirXrjr	DrtrOrPr3	72395
r0rBrU	rurZr	Lr4rWror2	20545
r1rzr	Nr7r	wrdHHsHfH	65982
hH'H	JH/HEH6HK	H9HqHpHe	84257
HMHRHGH	VHSHQHl	HxHgHcHFH	42136
kHaHvHy	HbHCH5H	YHnHiHXHj	32376
HDHtHO	HPH3H0HB	HUHuHZHLH	71531
4HWH	oH2H1	HzHNH7Hw	93290
Hdss	fshs'	sJs/sEs6s	36356
Ks9sqs	psesM	sRsGsVsSsQ	77669
slsxsgs	csFsk	sasvsysb	17845
sCs5sY	snsisX	sjsDstsOs	49022
Ps3s	0sBsUsus	ZsLs4sWso	25378
s2s1sz	sNs7	swsdffhf'	44291
fJf/fEf6	fKf9fqfp	fefMfRfGf	11603
VfSfQflfx	fgfcfF	fkfafvfyfb	60192
fCf5fYfnf	ifXfjfDf	tfOfPf3f0	7272
fBfUfu	fZfL	f4fWfof2f	92527
1fzf	Nf7fwfdhh	'hJh/hEh6	91730
hKh9h	qhpheh	MhRhGhVhS	11635
hQhlh	xhgh	chFhkhahv	7097
hyhbhCh5h	Yhnhi	hXhjhDhth	80657
OhPh3h	0h	BhUhuhZhL	73569
h4hWho	h2h1hz	hNh7hwhd	76614
''J'/	'E'6'	K'9'q'p'e'	18032
M'R'G'V	'S'Q'l'	x'g'c'F'k	7845
'a'v'	y'b'C'	5'Y'n'i'X'	16794
j'D't'O'	P'3'0'B'U	'u'Z'L'4	9262
'W'o'2'	1'z'	N'7'w'dJJ	63072
/JEJ6JK	J9JqJpJ	eJMJRJGJ	45097
VJSJ	QJlJxJg	JcJFJkJaJ	50948
vJyJ	bJCJ5JYJ	nJiJXJjJ	1230
DJtJOJPJ3	J0JBJU	JuJZJLJ4	36677
JWJoJ2J	1JzJNJ7Jw	Jd//E/6/	43824
K/9/q	/p/e/M	/R/G/V/S/	61941
Q/l/x	/g/c/F/	k/a/v/y/b/	29413
C/5/Y/	n/i/X	/j/D/t/O	50744
/P/3/0	/B/U/u	/Z/L/4/W/	40093
o/2/1/z/	N/7/	w/dEE6EKE	91306
9EqEpE	eEMEREG	EVESEQElE	86613
xEgEcE	FEkEaEvE	yEbECE5EYE	31823
nEi	EXEjEDE	tEOEPE3E	97446
0EBEUEu	EZELE4E	WEoE2E1Ez	8317
ENE7Ew	Ed66K69	6q6p6e6M	57954
6R6G	6V6S6Q6	l6x6g6c6F	95940
6k6a6v6	y6b6	C656Y6n6i	64228
6X6j6D6	t6O6P63	606B6U6u6Z	47692
6L646W6	o626	16z6N676w6	65461
dKK9	KqKpKeKM	KRKGKVKS	50959
KQKlKx	KgKcKF	KkKaKvKyK	8037
bKCK5	KYKnKiKXK	jKDKtKOKP	44699
K3K0KBK	UKuKZKL	K4KWKoK2K1	78545
KzKNK7K	wKd99q	9p9e9M9R9	60041
G9V9S	9Q9l9x9	g9c9F9k9a	91194
9v9y9	b9C959	Y9n9i9X9j9	89388
D9t9O9P	93909B9U	9u9Z9L949W	25919
9o92919	z9N979	w9dqqpqeq	34497
MqR	qGqVqS	qQqlqxqg	95179
qcqF	qkqaqvq	yqbqCq5q	26091
Yqnq	iqXqj	qDqtqOqPq	8616
3q0qBq	UquqZqLq4qW	qoq2q1qz	7893
qNq7qw	qdppep	MpRpGpVpS	97725
pQplpxpg	pcpFpkpa	pvpypbpC	90973
p5pYpnp	ipXpjp	DptpOpPp3p	4316
0pBpUpup	ZpLp4p	Wpop2p1pz	26201
pNp7pw	pdeeMeRe	GeVeSeQel	43177
exeg	eceFe	keaeveyeb	46496
eCe5eYe	neieX	ejeDeteOe	20747
Pe3e0	eBeUe	ueZeLe4eW	57977
eoe2e	1ezeN	e7ewedMMRM	2708
GMVMSMQ	MlMxM	gMcMFMkM	74382
aMvM	yMbMCM5M	YMnMiMXM	28798
jMDMtM	OMPM3M	0MBMUMuMZ	58438
MLM4MWM	oM2M1M	zMNM7MwMd	65606
RRGRVR	SRQRlRxR	gRcRFRkRa	74646
RvRyR	bRCR5R	YRnRiRXRjR	10397
DRtR	ORPR3R	0RBRURuR	37542
ZRLR4	RWRoR	2R1RzRNR	52094
7RwRd	GGVGSGQG	lGxGgGcGFG	52326
kGaGv	GyGbG	CG5GYGnGi	21328
GXGjGD	GtGOGPG	3G0GBGUGu	69401
GZGLG	4GWG	oG2G1GzGNG	59064
7GwG	dVVSVQ	VlVxVgVcV	5499
FVkV	aVvVyVb	VCV5VYVnV	72846
iVXVjV	DVtVOV	PV3V0VBVU	22548
VuVZ	VLV4	VWVoV2V1V	18165
zVNV7V	wVdSSQ	SlSxSgSc	47500
SFSkSaS	vSySbSC	S5SYSnSiS	32919
XSjSD	StSOSPS	3S0SBSUSu	96061
SZSLS	4SWSo	S2S1SzSNS7	55525
SwSdQQl	QxQgQc	QFQkQaQvQ	63864
yQbQCQ	5QYQn	QiQXQjQDQ	85721
tQOQPQ3Q	0QBQUQuQ	ZQLQ4QWQo	16768
Q2Q1Qz	QNQ7QwQd	llxlglclFl	63924
klalvl	ylblCl	5lYlnlilX	50654
ljl	DltlO	lPl3l0lBl	97147
Ulul	ZlLl4lWlo	l2l1lzlNl	2203
7lwld	xxgxc	xFxkxaxv	57974
xyxbxC	x5xYxn	xixXxjxD	16194
xtxOxPx	3x0xBx	UxuxZxLx	12406
4xWxo	x2x1xzxN	x7xwxdgg	24765
cgFgkga	gvgygbgC	g5gYgngigX	74798
gjgDg	tgOgPg3	g0gBgUgu	30072
gZgLg4g	Wgog2g1gz	gNg7gwgdc	51326
cFck	cacvcycb	cCc5cYcnc	12212
icXc	jcDctc	OcPc3c0cB	57545
cUcucZ	cLc4cWc	oc2c1czcNc	49585
7cwcdF	FkFaFvFy	FbFCF5FYFn	30620
FiFXFjFDF	tFOFP	F3F0FBFUF	34515
uFZ	FLF4FWF	oF2F1FzFN	60881
F7FwF	dkkakvk	ykbkCk5kYk	28529
nkik	XkjkD	ktkOkPk3k	66980
0kBkUk	ukZkLk4k	Wkok2k1k	48574
zkNk7k	wkda	avayabaCa	22325
5aY	anaiaXaj	aDataOaPa	13655
3a0aBaU	auaZ	aLa4aWaoa	12590
2a1azaN	a7awad	vvyvbvCv	10655
5vY	vnv	ivXvjvDv	22513
tvOv	Pv3	v0vBvUvu	67602
vZvLv	4vWvov2	v1vzvNv7	92889
vwvd	yyby	Cy5yYynyiy	15918
XyjyD	ytyOyPy	3y0yByUyu	14176
yZyLy4y	Wyoy2y	1yzyNy7yw	54320
ydbbCb5	bYbnbibX	bjbDbtbOb	26040
Pb3b0b	BbUbubZb	Lb4bWbob2	7927
b1bzbN	b7bw	bdCC5CYCn	61591
CiCX	CjCDCtC	OCPC3C0C	65211
BCUCuCZ	CLC4CWCo	C2C1CzCNC	18910
7CwCd	55Y5n5	i5X5j5D5t	29645
5O5P5	3505B5U5	u5Z5L545W	57949
5o525	15z5N57	5w5dYYnYi	36894
YXYjY	DYt	YOYPY3Y0Y	41655
BYUYuYZ	YLY4Y	WYoY2Y1Yz	10435
YNY7	YwYdnn	inXnjnDnt	51549
nOnPn3n	0nBnU	nunZnLn4n	70725
Wnon2n	1nznNn	7nwndiiXi	6325
jiDiti	OiPi3i0	iBiUiuiZ	80064
iLi	4iWioi2i1	iziNi7iwid	69644
XXjXDX	tXOX	PX3X0XBXU	62263
XuXZX	LX4XW	XoX2X1Xz	92108
XNX7Xw	XdjjD	jtjOjPj3j	78840
0jBjUj	ujZjL	j4jWjoj2j	93459
1jzjNj7	jwjdD	DtDODPD3D	92701
0DBDUD	uDZDLD4	DWDoD2D1Dz	56077
DND7DwDdt	tOtPt3t	0tBtUtutZt	79422
Lt4tW	tot2t1tztN	t7twtdOO	6910
PO3O0	OBOUOuO	ZOLO4OWO	64841
oO2O	1OzONO	7OwOdPP3P	4276
0PBPU	PuPZP	LP4PWPoP2	51439
P1PzPNP	7PwP	d3303B3U3u	27943
3Z3	L343W3o3	2313z3N37	53322
3w3d00B0U	0u0Z0L	040W0o020	77802
10z0N070w	0dBBUB	uBZBLB4B	67629
WBoB2	B1BzB	NB7BwBdUU	25196
uUZULU4	UWUo	U2U1UzUNU	60738
7UwU	duu	ZuLu4uWuo	25815
u2u1u	zuNu7uw	udZZLZ4ZW	18549
ZoZ2Z	1ZzZN	Z7ZwZdLL4	92560
LWLoL2	L1LzL	NL7LwLd44	66862
W4o42	414z4	N474w4dWW	20776
oW2W1W	zWNW7WwWd	oo2o1ozo	58147
No7owod	2212z2N272w	2d11z1N171	4530
w1dzzNz	7zwzdNN7	NwNd77w7d	8312
wwdd8	8I8A8T8	m8r8H8s8	83840
f8h8'8J8	/8E868K	898q8p8e8	98056
M8R8G	8V8S8Q	8l8x8g8c8F	87839
8k8a	8v8y8b8	C858Y8n8i	86780
8X8j	8D8t8O8P	83808B8U8	15515
u8Z8L848W	8o82	818z8N878	88160
w8dII	AITIm	IrIHIsIfIh	78328
I'IJI	/IEI6I	KI9IqIpIeI	96852
MIRIG	IVISIQI	lIxIgIcIF	35480
IkIaI	vIyIbI	CI5IYInIi	64268
IXIjID	ItIOIP	I3I0IBIUIu	83826
IZILI4I	WIoI2I1Iz	INI7IwIdA	53201
ATAmAr	AHAsAfAhA	'AJA/AEA	45513
6AK	A9AqApAe	AMARAGAVA	90996
SAQA	lAxAgAc	AFAkAaAv	85779
AyAbAC	A5AY	AnAiAXAjA	92016
DAtAOA	PA3A0	ABAUAuAZA	79883
LA4AWAo	A2A1AzA	NA7AwAdT	10028
TmTr	THTsTfT	hT'TJT/TE	72472
T6TKT9T	qTpTeTMT	RTGTVTSTQT	94282
lTxT	gTcTFTk	TaTvTyTb	60831
TCT5TY	TnTiTXTj	TDTtTOTPT	18969
3T0TBTUT	uTZTLT4T	WToT2T1T	30380
zTNT7	TwTdmm	rmHmsmfm	99002
hm'mJ	m/mE	m6mKm9mqmp	48090
memMm	RmGmVmSm	Qmlmxmgm	31600
cmFmkm	amvmy	mbmCm5mYm	73767
nmimXmjm	DmtmOm	Pm3m0mBmU	27515
mumZmLm	4mWmom2	m1mzmNm7mw	61803
mdrrHr	srfrhr'	rJr/rEr6	20100
rKr9rqr	prerMr	RrGrVrSrQ	78049
rlrxrgr	crFrkra	rvryrbrC	62918
r5rY	rnrir	XrjrDrtrOr	15172
Pr3r0r	BrUrur	ZrLr4rWro	8081
r2r1rz	rNr7rwr	dHHsHfHh	6522
H'HJH	/HEH6HKH	9HqHpHeH	57789
MHRHG	HVHSHQH	lHxHgHcH	76910
FHkHa	HvHyHb	HCH5HYHnH	64635
iHXHjHD	HtHOHP	H3H0HBHUH	3886
uHZHLH	4HWHoH2H	1HzHNH7Hw	18791
Hdssfs	hs's	Js/sEs6sKs	83322
9sqspses	MsRsGs	VsSsQslsxs	83406
gscsF	sksasvs	ysbsCs5sY	80034
snsisX	sjsD	stsOsPs3s0	48559
sBsUsu	sZsLs4	sWsos2s1s	62774
zsNs7	swsdff	hf'fJf/fE	21173
f6fKf	9fqfpfef	MfRfGfVf	73444
SfQfl	fxfgfcf	Ffkfafvfyf	75676
bfCf5	fYfnfi	fXfjfDftf	28457
OfPf	3f0fB	fUfufZfLf	84607
4fWfof	2f1	fzfNf7fw	92359
fdhh'hJ	h/hEh6h	Kh9hqhphe	95120
hMhRh	GhVhSh	Qhlhxhghc	61029
hFhkh	ahvhyhbh	Ch5hYhnh	58858
ihXh	jhDhth	OhPh3h0hBh	10214
Uhuh	ZhLh4h	Whoh2h1hzh	92263
Nh7hwh	d''J'/	'E'6'K'9'	38904
q'p'e'M	'R'G'	V'S'Q'l'	1910
x'g'c'	F'k'	a'v'y'b'	18611
C'5'Y'n	'i'X	'j'D't'O'	41930
P'3'0'B	'U'u'Z'L'	4'W'o'2'1	21907
'z'N'7	'w'dJ	J/JEJ6JKJ	37242
9JqJpJ	eJMJRJG	JVJSJQJlJ	26649
xJgJcJF	JkJaJvJ	yJbJCJ5JY	19660
JnJiJ	XJjJ	DJtJOJPJ3	16433
J0JBJU	JuJZJLJ	4JWJoJ2J1	83379
JzJN	J7JwJd	//E/6/K/9/	96780
q/p/e/M	/R/G/	V/S/Q/l/x/	34157
g/c/F/k/a	/v/y/	b/C/5/Y/n	9441
/i/X/	j/D/	t/O/P/3/	68896
0/B/	U/u/Z/L	/4/W/o/2/	88844
1/z/N/7/w/d	EE6E	KE9EqEpEeE	384
MEREGE	VESEQEl	ExEgEcEF	45108
EkEa	EvEyEb	ECE5EYEn	71928
EiEXEjE	DEtEO	EPE3E0EBE	9038
UEuEZE	LE4EWE	oE2E1EzEN	83828
E7EwEd6	6K6	96q6p6e6M6	94710
R6G6V	6S6Q6l6x	6g6c6F6k6	97961
a6v6y6	b6C65	6Y6n6i6X6j	74449
6D6t	6O6P636	06B6U6u6Z	64316
6L646	W6o62616	z6N676w6d	33088
KK9KqKp	KeKMKR	KGKVKSKQK	44598
lKxKg	KcKFK	kKaKvKyKb	99337
KCK5	KYKnK	iKXKjKDKtK	37873
OKPK3K	0KBKUK	uKZKLK4KW	65438
KoK2	K1KzKNK7K	wKd99q9p9e	80092
9M9R9G	9V9S9Q	9l9x9g9c9	30171
F9k9a9	v9y9b9	C959Y9n9	71268
i9X9j9	D9t9O9	P93909B9U	84006
9u9Z9L	949W	9o92919z9	91823
N979	w9dqqpq	eqMqRqGqVq	17360
SqQqlqx	qgqcqF	qkqaqvqy	2583
qbqC	q5qYqnq	iqXqjqDqt	64278
qOqP	q3q0q	BqUquqZqLq	4682
4qW	qoq2q1qz	qNq7qwqdp	16810
pepMp	RpGpVpS	pQplpxpgpc	298
pFpk	papvp	ypbpCp5pY	49579
pnpi	pXpjpDptpOp	Pp3p0pBpU	87658
pupZpLp	4pWpop2	p1pzpNp7p	88138
wpde	eMeReGe	VeSeQele	99261
xegeceF	ekeaeveye	beCe5eYe	99855
neieXej	eDeteOe	Pe3e0eBeUe	77995
ueZeLe4	eWeoe	2e1ezeNe7	84198
ewedMMRMG	MVMSM	QMlMxMgM	54014
cMFMk	MaMvM	yMbMCM5MY	47347
MnMiMXM	jMDMt	MOMPM3M0M	26792
BMUMuM	ZMLM4	MWMoM2M1	45792
MzMNM	7MwMdR	RGRVRSRQR	456
lRxRg	RcRFR	kRaRvRyRbR	24350
CR5RYR	nRiRXRj	RDRtRORP	15761
R3R0RBR	URuRZR	LR4RWRoR	28159
2R1RzRN	R7RwR	dGGVGSGQ	5674
GlGxG	gGcGF	GkGaGvGyG	2829
bGCG5	GYGnG	iGXGjGDG	21017
tGOGP	G3G0GB	GUGuGZGLG	62961
4GWGo	G2G1Gz	GNG7GwGdV	4035
VSVQVl	VxVgVc	VFVkVaVv	65896
VyVb	VCV5VY	VnViVXVjV	21666
DVtVOV	PV3V0	VBVUVuVZV	26242
LV4VW	VoV2V1VzV	NV7VwVdSS	1303
QSlSx	SgScSF	SkSaSvSySb	68104
SCS5SY	SnSiSXSj	SDStSOSPS	49026
3S0SBS	USuSZSLS	4SWSoS2S1	22693
SzSNS7S	wSdQQl	QxQgQcQFQ	35346
kQaQ	vQyQbQ	CQ5QYQnQ	28773
iQXQjQ	DQtQ	OQPQ3Q0QB	87592
QUQuQZ	QLQ4Q	WQoQ2Q1Qz	45973
QNQ7QwQd	llxlglc	lFlklalv	18475
lylbl	Cl5lY	lnlilXlj	28776
lDltl	OlPl3l	0lBlUlul	78179
ZlLl4lW	lol2l	1lzlNl7lw	90042
ldxxgx	cxFxkxa	xvxyxbxCx	82913
5xYxnxixXxj	xDxtx	OxPx3x0x	58292
BxUxuxZx	Lx4xWx	ox2x1xzxN	17976
x7xwx	dggcg	Fgkgagvg	18725
ygbgC	g5gYgngig	XgjgDgtgO	32880
gPg3g	0gBgUgug	ZgLg4gWgo	10759
g2g1gzg	Ng7g	wgdccFckc	25335
acvcyc	bcCc5cY	cncicXcj	38059
cDctcO	cPc3c	0cBcUcucZ	52820
cLc4cW	coc2c1	czcNc7cwc	43295
dFFkF	aFvFyFb	FCF5FYFnFi	58383
FXFjFDF	tFOFPF3	F0FBFUFuF	46128
ZFLF	4FWFoF	2F1FzFNF7	85509
FwFdkk	akvky	kbkCk5kY	26909
knkikX	kjkDk	tkOkPk3k0	92
kBkUkuk	ZkLk4	kWkok2k1k	50143
zkNk7	kwkdaav	ayabaCa5a	91084
Yanaia	Xaj	aDataOaP	1954
a3a0	aBaUaua	ZaLa4aWao	3443
a2a1azaN	a7awadvv	yvbvCv5vY	46718
vnviv	XvjvDvtv	OvPv3v0vB	78672
vUvuvZv	Lv4v	Wvov2v1vzv	32118
Nv7vwv	dyybyCy5yYy	nyiyXyjyD	54082
ytyOyPy	3y0yByU	yuyZyLy4y	33826
Wyoy2y	1yzyN	y7ywydbb	25582
Cb5bY	bnbibXbj	bDbtbObPb3	35592
b0bBb	UbubZbLb4b	Wbob2b1bzb	94263
Nb7bwbd	CC5CY	CnCiCXCjCD	25681
CtCOC	PC3C0CB	CUCuCZCLC	57576
4CWCo	C2C1CzC	NC7CwCd55	24477
Y5n5i5X	5j5D5t	5O5P53505	75189
B5U5u5	Z5L545W5o	52515z5N5	33726
75w5d	YYnYiYX	YjYDYtYOY	65601
PY3Y0	YBYUY	uYZYLY4Y	90916
WYoY2	Y1YzYN	Y7YwYdnn	67226
inXnj	nDntnOnP	n3n0nBnUn	60456
unZnLn4	nWnon	2n1nznNn	16396
7nwndi	iXiji	DitiOiPi3	95211
i0iBiUi	uiZiLi	4iWioi2i1i	55653
ziNi	7iwidXX	jXDXtXOXP	71549
X3X0X	BXUXuXZ	XLX4XWXoX	98134
2X1X	zXNX7	XwXdjjDjt	56923
jOjPj3j	0jBjUjujZjLj4	jWjoj2j1jz	9660
jNj7j	wjdDDt	DODPD3D0D	54717
BDUDuDZD	LD4DWD	oD2D1DzD	50296
ND7Dw	DdttO	tPt3t0tBt	66847
UtutZtL	t4tWtot	2t1tztNt7t	81992
wtdOOPO	3O0	OBOUOuOZO	71590
LO4OWOo	O2O1O	zONO7OwOd	36139
PP3P0P	BPUPu	PZPLP4PWP	11336
oP2P1P	zPNP7P	wPd3303B3U	74958
3u3Z3	L343W3o	32313z3N37	84819
3w3d00B	0U0u	0Z0L040W	14318
0o02010	z0N07	0w0dBBUB	39061
uBZBL	B4BWB	oB2B1BzBNB	18545
7BwBdUU	uUZUL	U4UWUoU2U	11669
1UzUNU7U	wUduuZuLu	4uWuou2u1	4833
uzuNu7	uwudZ	ZLZ4ZWZoZ2	29616
Z1ZzZN	Z7ZwZd	LL4LWLoL2L	33195
1LzLNL	7LwLd	44W4o424	58760
14z4N	474w4dWW	oW2W1WzWN	43708
W7WwWdo	o2o	1ozoNo7ow	96514
od2212	z2N2	72w2d11z	48221
1N171w1d	zzNz7	zwzdNN7Nw	98954
Nd77w	7dww	dd88I8A8T	95032
8m8r8H	8s8f8	h8'8J8/8E	3873
868K8	98q8	p8e8M8R8G	40345
8V8S8	Q8l8x	8g8c8F8k8a	74953
8v8y	8b8C	858Y8n8i8	20888
X8j8	D8t8O	8P83808B8	66759
U8u8Z	8L848W8o8	2818z8N8	38719
78w8d	IIAIT	ImIrIHIsI	25358
fIhI'	IJI/IE	I6IKI9IqI	89500
pIeIM	IRIGIVISIQIl	IxIgIcIFIk	14461
IaIvIyI	bICI5IY	InIiIXIj	29309
IDItIO	IPI3I	0IBIUIuIZ	77826
ILI4	IWIoI2I1Iz	INI7IwIdA	6879
ATAmA	rAHAsA	fAhA'AJA/	76516
AEA6AKA	9AqAp	AeAMARAGAV	30392
ASAQAl	AxAgAcAF	AkAaAvAyAb	29084
ACA5AY	AnAiA	XAjADAtAO	16596
APA3A0A	BAUAuA	ZALA4AWA	36701
oA2A1Az	ANA7Aw	AdTTmTrTH	32556
TsTfTh	T'TJT	/TET6TKT9	36944
TqTp	TeTMT	RTGTVTST	3609
QTlTxTg	TcTFTk	TaTvTyTbT	3215
CT5	TYTnTiT	XTjTDTtTOT	91713
PT3T	0TBTUTu	TZTLT4TWT	30777
oT2T1T	zTNT7	TwTdmmrm	5813
Hmsmfm	hm'mJm/	mEm6mKm9	37835
mqmpme	mMmRm	GmVmSmQml	78233
mxmgmc	mFmkmam	vmymbmCm5	57658
mYmnm	imXmjm	DmtmOmPm	55849
3m0m	BmUmum	ZmLm4mWmom	63624
2m1mzm	Nm7mw	mdrrHrsr	48014
frhr'rJ	r/rEr	6rKr9rqr	70869
prerM	rRrGrVrS	rQrlrxrg	1579
rcrF	rkrarvr	yrbrCr5rYr	96375
nrirXrj	rDrtrOr	Pr3r0rBrU	3591
rurZrLr4	rWror2r	1rzrNr7rw	72445
rdHHsH	fHhH	'HJH/HEH6	1994
HKH9HqH	pHeHMH	RHGHVHSHQH	83994
lHxH	gHcHFH	kHaHvHyH	90808
bHCH5H	YHnH	iHXHjHDHt	58241
HOHP	H3H0	HBHUHuHZHL	84275
H4HWHoH2	H1HzH	NH7HwHdss	27957
fshs	'sJs	/sEs6sKs	6378
9sqspse	sMsRs	GsVsSsQsl	96298
sxsgs	csFsk	sasvsysbsC	60632
s5sY	snsis	XsjsDsts	22882
OsPs3s0s	BsUsusZ	sLs4sWsos	27672
2s1	szsNs7s	wsdffhf'f	43956
Jf/fEf6	fKf9fq	fpfefMfRfG	23439
fVfSfQfl	fxfg	fcfFfkfaf	77927
vfyfbfCf5fY	fnf	ifXfjfDftf	91494
OfPf3	f0fBf	UfufZfLf4f	3829
Wfof2	f1fzfN	f7fwfdhh'	82446
hJh/	hEh6	hKh9hqhph	30498
ehMh	RhGhVhS	hQhlhxhgh	44113
chFhkha	hvhyhbh	Ch5hYhnhih	84234
XhjhDhthO	hPh3h0hBh	UhuhZhLh4	14745
hWhoh2	h1hz	hNh7hwhd'	43666
'J'/'	E'6'K	'9'q'p'e	5734
'M'R	'G'V'S	'Q'l'x'g'	53247
c'F'k'a'v	'y'b'C'5'	Y'n'i'X'	75021
j'D't	'O'P	'3'0'B'U	24245
'u'	Z'L'4'	W'o'2'1'	30589
z'N'	7'w'd	JJ/JEJ6JK	15888
J9JqJpJ	eJMJRJG	JVJSJQJlJ	55275
xJgJcJ	FJkJaJvJy	JbJCJ5JY	29475
JnJi	JXJjJ	DJtJOJPJ3	67823
J0JBJ	UJuJZ	JLJ4JWJoJ	70931
2J1JzJ	NJ7JwJd	//E/6/K/	84931
9/q/p	/e/M/	R/G/V/S/Q	70011
/l/	x/g/c/F	/k/a/v/y/b	25679
/C/5/Y	/n/i/X	/j/D/t/O/	25973
P/3/0/	B/U/	u/Z/L/4/W	22701
/o/2/1	/z/N/7	/w/dEE6EK	48133
E9EqEpEe	EME	REGEVESEQE	68698
lExEg	EcEFE	kEaEvEyEb	79541
ECE5EYE	nEiEXEjE	DEtEOEPE3	8694
E0EBEU	EuEZEL	E4EWEoE2E	6401
1EzENE7Ew	Ed66K69	6q6p6e6M6	43544
R6G6V	6S6Q	6l6x6g6c	56709
6F6k6a6	v6y6b	6C656Y6n	41572
6i6X6	j6D6t6O6	P63606B6U	40473
6u6Z	6L646W6o	62616z6N67	46662
6w6dK	K9KqK	pKeKMKRKG	37254
KVKSKQK	lKxKgKcKF	KkKaKvKy	91834
KbKC	K5KY	KnKiKXKjK	91151
DKtKO	KPK3K0	KBKUKuKZK	27838
LK4K	WKoK2K1	KzKNK7KwK	50615
d99q9p	9e9M9R9	G9V9S9Q9	45406
l9x9g	9c9F9k9a	9v9y9b9C	31697
959Y9n	9i9X9j	9D9t9O9P9	47146
3909	B9U9u	9Z9L949W9	93638
o92919z	9N979	w9dqqpqeqM	41329
qRqGqVqSq	Qqlqxq	gqcqFqkqa	66701
qvqyqb	qCq5qYq	nqiqXqjq	71657
Dqtq	OqPq	3q0qBqUqu	62661
qZqLq4qWqo	q2q1qzqNq7q	wqdppepMp	93703
RpGpVpS	pQp	lpxpgpcpF	14007
pkpapv	pypbpCp	5pYpnpipX	34693
pjpD	ptpO	pPp3p0pBpU	98232
pupZ	pLp4pWpop2	p1pzpNp7p	63277
wpdeeMe	ReGe	VeSeQelex	51907
egeceFekeae	veyebeC	e5eYeneie	1676
XejeD	eteOe	Pe3e0eBeUe	13335
ueZeLe4eW	eoe2e1	ezeNe7ewe	49102
dMMRM	GMVMS	MQMlMxMg	386
McMFM	kMaMvMyM	bMCM5MYMn	29536
MiMXM	jMDM	tMOMPM3M0M	23897
BMUM	uMZMLM4M	WMoM2M1MzM	8372
NM7Mw	MdRRGRV	RSRQRlRx	70101
RgRcRFRk	RaRvRyR	bRCR5RYRn	27219
RiRXRjR	DRtRO	RPR3R0RBR	1044
URuR	ZRLR4	RWRoR2R1R	47254
zRNR7R	wRdG	GVGSGQGlG	97564
xGgGcGF	GkGaG	vGyGbGCG	50255
5GYGnG	iGXGj	GDGtGOGP	61865
G3G0GBG	UGuGZG	LG4GWGoG2	46084
G1GzG	NG7GwG	dVVSVQVlV	73204
xVgVc	VFVkVaV	vVyVbVCV	45222
5VYVnViVXVj	VDVtVO	VPV3V0VBV	80555
UVuV	ZVLV4	VWVoV2V1	64133
VzVNV7	VwVdS	SQSlSxSgS	79929
cSFSk	SaSvSyS	bSCS5SYSn	17595
SiSXSjS	DStSOS	PS3S0SBSUS	75392
uSZSL	S4SWSo	S2S1SzSNS	30907
7SwSdQ	QlQxQgQ	cQFQkQaQv	98893
QyQbQCQ5	QYQnQiQXQ	jQDQtQOQP	87966
Q3Q0	QBQUQuQ	ZQLQ4QWQ	73067
oQ2Q1QzQ	NQ7QwQd	llxlglclF	35599
lklalvl	ylblCl5l	YlnlilXljl	8373
DltlOlP	l3l0l	BlUlulZl	4304
Ll4lWlol	2l1lzlNl	7lwldxxgx	72490
cxFxk	xaxvx	yxbxCx5xY	70486
xnxi	xXxjxDxtxOx	Px3x0xBx	16358
UxuxZxL	x4xWxox	2x1xzxNx	26969
7xwxd	ggcgFg	kgagvgygb	8598
gCg5	gYgng	igXgjgDgtg	66722
OgPg3	g0gBgU	gugZgLg4g	98685
Wgog2g1	gzgNg	7gwgdccFck	50083
cacv	cycbc	Cc5cYcnci	86652
cXcj	cDctcO	cPc3c0cBc	66365
UcucZc	Lc4cWc	oc2c1czcN	86513
c7cwcdF	FkFaF	vFyFbFCF	94456
5FYFnFiFX	FjFDFtFO	FPF3F0FBF	94444
UFuFZFL	F4FWFoF	2F1FzFNF	72101
7FwFdk	kakvkyk	bkCk5kYk	67330
nkikXkj	kDkt	kOkPk3k0k	45240
BkUkukZ	kLk4kWk	ok2k1kzk	18403
Nk7kwk	daavayaba	Ca5aYanai	48280
aXajaD	ataOa	Pa3a0aBaU	75194
auaZa	La4a	Waoa2a1az	61052
aNa7aw	advvyvbvCv	5vYvnvivX	90893
vjvDvt	vOv	Pv3v0vBv	94267
UvuvZvL	v4vWvo	v2v1vzvN	70213
v7vwvd	yybyC	y5yYynyiyX	62756
yjyDyt	yOyPy3y	0yByUyuyZ	24192
yLy4yW	yoy2y	1yzyNy7yw	90110
ydbbCb5	bYbnbibX	bjbDbtbO	4520
bPb3b0	bBbUbub	ZbLb4bWbo	90082
b2b1bz	bNb7b	wbdCC5CYC	21331
nCiCXCj	CDCtCOCPC3	C0CBCUCuC	17343
ZCLC4	CWCoC2C1	CzCNC7CwCd	20424
55Y5	n5i5X	5j5D5t5O5	16112
P53505B	5U5	u5Z5L545W	29113
5o5251	5z5N575w	5dYYnYiYX	48365
YjYDY	tYOYP	Y3Y0YBYUY	79484
uYZYLY4YWY	oY2Y1	YzYNY7YwY	45440
dnnin	XnjnD	ntnOnPn3n0	24258
nBnUn	unZnLn4n	Wnon2n1n	4839
znNn7	nwndiiX	ijiDitiOi	13096
Pi3i0iB	iUiuiZiL	i4iWioi2i1	75554
iziNi7i	widXXj	XDXtXOXPX	65523
3X0XBXUX	uXZXL	X4XWXoX2	34822
X1Xz	XNX7	XwXdjjDjt	4098
jOjPj3	j0jBjUj	ujZjLj4jWj	18048
oj2j	1jzjNj7	jwjdDDtDO	32711
DPD3D0	DBDUDuDZ	DLD4DWDo	26706
D2D1Dz	DND7	DwDdttOt	93383
Pt3t0t	BtUtut	ZtLt4tWto	15747
t2t1tztN	t7twt	dOOPO3O0O	47004
BOUOuO	ZOLO4O	WOoO2O1Oz	59586
ONO7Ow	OdPP	3P0PBPUPu	25571
PZPLP4P	WPoP2P1	PzPNP7PwP	68218
d3303B3U	3u3Z3L3	43W3o32313	2165
z3N373	w3d00	B0U0u0Z0	68402
L040W0	o0201	0z0N070w	41694
0dBBUB	uBZBLB4BWB	oB2B1BzBNB	68420
7BwBdUU	uUZULU4	UWUoU2U1U	73811
zUNU7Uw	UduuZu	Lu4uWuou2	21073
u1uzuNu	7uwud	ZZLZ4ZWZo	9292
Z2Z1ZzZ	NZ7Zw	ZdLL4LWL	55718
oL2L1Lz	LNL7Lw	Ld44W4o42	64185
414z4N4	74w4dWWo	W2W1WzWNW	36491
7WwWdoo2o	1ozoN	o7owod2212	30972
z2N27	2w2d11	z1N171w1d	4708
zzNz7zw	zdNN7Nw	Nd77w7dwwd	50350
d88I8A	8T8m8	r8H8s8f8h	54188
8'8J8/	8E868K898	q8p8e8M8R	78302
8G8V	8S8Q8l8	x8g8c8F8	71095
k8a8	v8y8b8C858Y8n	8i8X8j8D8	68253
t8O8P83	808B8U8u	8Z8L848W8	47274
o8281	8z8N8	78w8dIIAI	87205
TImIr	IHIsIf	IhI'IJI/I	45784
EI6IKI	9IqIpIe	IMIRIGIV	72295
ISIQIl	IxIgIc	IFIkIaIvI	23472
yIbICI5	IYInIiI	XIjIDItIO	44419
IPI3I0IBI	UIuIZIL	I4IWIoI2I	95034
1IzIN	I7IwId	AATAmArAH	1677
AsAfA	hA'AJ	A/AEA6AK	40579
A9AqAp	AeAMARA	GAVASAQA	52826
lAxAgAcAF	AkAaAvA	yAbACA5AYA	34467
nAiAX	AjADAtA	OAPA3A0AB	71734
AUAuA	ZALA4A	WAoA2A1AzA	6817
NA7AwA	dTTmTrTHTs	TfThT'TJ	39552
T/TET6TK	T9TqTpT	eTMTRTGTV	15590
TSTQTlT	xTgTcT	FTkTaTvTy	75540
TbTCT5T	YTnTiT	XTjTDTtTO	95541
TPT3T0	TBTUT	uTZTLT4TWT	56398
oT2T1Tz	TNT7TwT	dmmrmHms	19079
mfmh	m'mJm/mEm6	mKm9mqmpm	96693
emMmR	mGmV	mSmQmlmxm	57303
gmcmFmkma	mvmym	bmCm5mYm	5292
nmimXmjm	DmtmOmP	m3m0mBmUmu	53893
mZmLm	4mWmo	m2m1mzmNm	84193
7mwmdr	rHrsrf	rhr'rJr/rE	47476
r6rKr	9rqrprer	MrRrGrVrS	75182
rQrlrx	rgrcrFr	krarvryrbr	9114
Cr5rYr	nrirX	rjrDrtrOrP	93714
r3r0rB	rUru	rZrLr4rWro	58762
r2r1r	zrNr7r	wrdHHsHfH	40241
hH'HJH/	HEH6HKH	9HqHpHeHM	70382
HRHGH	VHSHQHlH	xHgHcHFHk	34657
HaHvH	yHbHC	H5HYHnHiHX	87094
HjHDHt	HOHPH3H	0HBHUHuHZ	60816
HLH4HWH	oH2H1HzHN	H7HwHdss	75192
fshs's	Js/sEs	6sKs9sqsp	67641
sesMsR	sGsVsSs	Qslsxsgsc	71113
sFsksa	svsysbsCs	5sYsnsisX	12428
sjs	Dsts	OsPs3s0sB	86046
sUsusZs	Ls4sWso	s2s1szsNs	76758
7swsd	ffhf'f	Jf/fEf6f	69630
Kf9fqf	pfefM	fRfGfVfSf	29828
Qflfxfg	fcfF	fkfafvfyf	51897
bf	Cf5fYf	nfifXfjfD	7175
ftfOf	Pf3f0f	BfUfufZfL	86492
f4fWf	of2f1fzf	Nf7fwfdhh	5226
'hJh/	hEh6hKh9h	qhphehMhR	4359
hGhVhShQh	lhxhg	hchFhkhah	69679
vhyh	bhCh5hY	hnhihXhjh	19545
DhthO	hPh3h0hBh	UhuhZhLh	82368
4hWhoh2	h1hzhN	h7hwhd''J	10702
'/'E'	6'K'9'	q'p'e'M'R	35034
'G'V	'S'Q'l'x'g	'c'F'k'a'	69255
v'y'b'C	'5'Y'n'i'	X'j'D't'O	21291
'P'3'	0'B'U'u	'Z'L'4'W'	64304
o'2'1	'z'N	'7'w'dJJ/J	34583
EJ6JKJ9J	qJpJe	JMJRJGJVJS	75625
JQJlJxJ	gJcJF	JkJaJvJyJ	54252
bJCJ5	JYJnJ	iJXJjJDJt	2486
JOJP	J3J0JB	JUJuJZJLJ	41642
4JWJoJ	2J1JzJNJ	7JwJd//E	58422
/6/K/9/q/p/	e/M/R/	G/V/S/Q/l	10427
/x/g/	c/F/k	/a/v/y/b/	36810
C/5/Y/n	/i/X/j/D	/t/O/P/3/	2101
0/B/U/u	/Z/L/4/W/o/	2/1/z/N/7	77168
/w/dEE6E	KE9Eq	EpEeEMERE	48376
GEVESE	QElExEg	EcEFEkEaEv	75847
EyEbE	CE5EYE	nEiEXEjED	68460
EtEOEP	E3E0EB	EUEuEZELE	48023
4EWE	oE2E1E	zENE7EwE	98505
d66K6	96q6	p6e6M6R6G	70146
6V6S6Q6	l6x6g6c6F	6k6a6v6y6	32003
b6C656Y	6n6i6X	6j6D6t6O6	34317
P63606B	6U6u6Z6L	646W6o62	38769
616z6N6	76w6dKK9Kq	KpKeKMKRK	4778
GKVK	SKQKlKxK	gKcKFKkK	74768
aKvKy	KbKCK5	KYKnKiKX	32844
KjKDK	tKOK	PK3K0KBKU	48944
KuKZK	LK4	KWKoK2K1K	36624
zKNK7	KwKd99q	9p9e9M9R	37420
9G9V9	S9Q9l	9x9g9c9F9	69086
k9a9v	9y9b9C9	59Y9n9i9X9	92011
j9D9t9O	9P93909B	9U9u9Z9L9	39818
49W9o	92919z	9N979w9dqq	27142
pqeqMqRqG	qVqSqQ	qlqxqgqcq	71647
Fqkq	aqvqyq	bqCq5qYqn	20037
qiqXq	jqDqtq	OqPq3q0qBq	60973
Uqu	qZqLq4q	Wqoq2q1qzq	23125
Nq7qwq	dppepMp	RpGpVpSp	32541
Qplpxp	gpcpFp	kpapvpyp	83125
bpCp5	pYpnpi	pXpjpDptp	15595
OpPp3	p0pBpUpupZpL	p4pWpop2p1	69733
pzpNp	7pwpdee	MeReGeVeS	38831
eQelex	ege	ceFekeaev	75041
eye	beCe5eYe	neieXeje	72055
DeteO	ePe3e0e	BeUeueZeL	29656
e4eWeo	e2e1e	zeNe7ewed	90969
MMRMGM	VMSMQMl	MxMgMcMFM	97985
kMaMv	MyMbMC	M5MYMnMiMX	49205
MjMDM	tMOM	PM3M0MBM	54494
UMuMZ	MLM4MWM	oM2M1MzMN	87033
M7Mw	MdRRGRV	RSRQRlRx	73032
RgRcR	FRkRaR	vRyRbRCR5	11620
RYRn	RiRXRjRD	RtRORPR3R	84237
0RBRURuR	ZRLR4R	WRoR2R1RzR	73469
NR7Rw	RdGGV	GSGQGlGxGg	34633
GcGFGkG	aGvGy	GbGCG5GYG	37051
nGiGX	GjGDG	tGOGPG3G0	187
GBGU	GuGZGL	G4GWGoG2G	34076
1GzGNG	7GwGdVV	SVQVlVxVg	60081
VcVFV	kVaVvVy	VbVCV5VY	62912
VnViVXV	jVDVtV	OVPV3V0VB	97223
VUVuVZ	VLV4VWVoV	2V1VzVNV7	65177
VwVdS	SQSlS	xSgScSFSkS	51698
aSvSySbS	CS5SYSn	SiSXSjSD	55877
StSOSP	S3S0SB	SUSuSZSLS4	24039
SWSoS2	S1SzSNS7S	wSdQQlQxQg	6982
QcQFQk	QaQ	vQyQbQCQ5Q	53121
YQnQiQXQjQD	QtQOQ	PQ3Q0QBQU	45030
QuQZQLQ	4QWQ	oQ2Q1QzQN	3702
Q7Qw	Qdll	xlglclFlk	91749
lalvl	ylblCl	5lYlnlilX	35717
ljlDltlOl	Pl3l0lB	lUlulZlLl	93669
4lWl	ol2l1	lzlNl7lw	60398
ldx	xgxcx	Fxkxaxvx	89562
yxbx	Cx5x	YxnxixXx	23168
jxDxtxO	xPx3x0	xBxUxuxZx	78165
Lx4xW	xox2x1x	zxNx7xwxdg	33037
gcgFgkgag	vgygbg	Cg5gYgngig	82755
XgjgD	gtgOgPg3g0g	BgUgugZg	80549
Lg4gW	gog2g	1gzgNg7gw	52157
gdccFckc	acvcycbcC	c5cYcncic	69126
XcjcD	ctcOcP	c3c0cBcU	1883
cucZcL	c4cW	coc2c1czc	75417
Nc7cw	cdFFkF	aFvFyFbFCF	98839
5FYFn	FiFXFj	FDFtFOFPF	73178
3F0FB	FUFuFZFLF	4FWFoF2F	91946
1FzFN	F7FwF	dkkakvky	25031
kbkC	k5kYkn	kikXkjkDkt	8640
kOkPk3k0	kBkUkukZ	kLk4kWkok	15463
2k1kzk	Nk7kwk	daavayaba	53407
Ca5aYa	naiaX	ajaDataOa	34412
Pa3a0	aBaUau	aZaLa4aWa	73486
oa2a1	azaN	a7awadvv	48502
yvbvCv5v	YvnvivXv	jvDvtvOvPv	34999
3v0vBv	UvuvZ	vLv4vWvo	78514
v2v1	vzvNv7vw	vdyybyCy5y	83229
Yynyi	yXyjyD	ytyOyPy3	80232
y0yB	yUyuyZy	Ly4yWyoy2	43777
y1yzyNy	7ywydbbC	b5bYbnbib	59059
XbjbD	btbObPb	3b0bBbUbu	46677
bZbLb4b	Wbob2b1b	zbNb7bwbd	94551
CC5CYC	nCiCXCj	CDCtCOCPC	35987
3C0CBCUC	uCZCLC4C	WCoC2C1Cz	17726
CNC7Cw	Cd55Y	5n5i5X5j5	96002
D5t5O5	P53505	B5U5u5Z5L	57663
545W	5o525	15z5N575	43460
w5dYYn	YiYXY	jYDYtYOYP	87207
Y3Y0YBYUYu	YZYLY	4YWYoY2Y1Y	54761
zYNY7	YwYdnni	nXnjnDntnO	48524
nPn3n0nBn	UnunZnLn	4nWnon2n1n	30118
znNn7nw	ndiiXi	jiDitiOiP	60505
i3i0	iBiUiu	iZiLi4iWi	45376
oi2i1i	ziNi7iwi	dXXjXDXtX	54757
OXPX	3X0XBXUX	uXZXLX4X	57156
WXoX	2X1XzXN	X7XwXdjj	24651
DjtjOjP	j3j0jBjU	jujZjLj4	61421
jWjoj	2j1jzjNj7	jwjdDDtDO	90410
DPD3D0	DBDUDuDZ	DLD4DWDoD	86261
2D1DzD	ND7DwDdt	tOtPt3t0t	69005
BtUtut	ZtLt4	tWtot2t1tz	18859
tNt7twt	dOOPO3O0O	BOUOuOZOL	30263
O4OWOo	O2O1OzON	O7OwOdPP3	98842
P0PBPU	PuPZPLP4	PWPoP2P1P	95898
zPNP	7PwPd	3303B3U3u3	74811
Z3L343	W3o32313	z3N373w3d	36286
00B0	U0u0Z0L04	0W0o0201	12426
0z0N07	0w0d	BBUBuBZBL	33147
B4BWB	oB2B1BzB	NB7BwBdUU	91325
uUZULU4	UWUoU2	U1UzUNU7	70453
UwUdu	uZuL	u4uWuou2u	52795
1uzuNu	7uwud	ZZLZ4ZWZo	6930
Z2Z1	ZzZNZ7	ZwZdLL4L	57825
WLoL2	L1LzLNL	7LwLd44W4	3385
o42414	z4N47	4w4dWWoW	52462
2W1Wz	WNW7WwW	doo2o1ozoN	90367
o7owod22	12z2N2	72w2d11z	32679
1N171	w1dzzN	z7zwzdNN7N	60381
wNd77w	7dwwdd8	8I8A8T8m8r	86024
8H8s8f8h	8'8J8/	8E868K898	96881
q8p8e8M	8R8G8V8	S8Q8l8x8g	10553
8c8F8k	8a8v8y	8b8C858Y8n	23978
8i8X8j	8D8t8	O8P83808B	1025
8U8u8Z	8L848	W8o82818	98933
z8N878w8	dIIAIT	ImIrIHIsIf	45065
IhI'IJ	I/IEI6I	KI9IqIpIe	29534
IMIR	IGIVI	SIQIlIxIgI	12297
cIFIkIa	IvIyIbI	CI5IYInIi	30607
IXIjIDItI	OIPI3I	0IBIUIuIZI	3863
LI4I	WIoI2I	1IzINI7I	45950
wIdAATAm	ArAHAsAfA	hA'AJA/AE	24489
A6AKA9	AqApA	eAMARAGA	398
VASAQAl	AxAgAcA	FAkAaAvAy	80297
AbACA5A	YAnAiAXA	jADAtAOAPA	89786
3A0ABA	UAuAZ	ALA4AWAoA	53833
2A1AzA	NA7AwAdTT	mTrTHTsTfT	55567
hT'TJT	/TET6TK	T9TqTpTeT	64791
MTRTGTV	TSTQTlTxT	gTcTFTkT	88642
aTvTy	TbTCT	5TYTnTiT	52030
XTjTD	TtTOTP	T3T0TBTUT	15636
uTZTLT	4TWToT	2T1TzTNT7T	88122
wTdmm	rmHmsmf	mhm'mJm/m	14523
Em6mKm9mqmp	memMm	RmGmVmSmQ	35334
mlmxmgm	cmFmkma	mvmymbmCm5	12908
mYmnmim	XmjmD	mtmOmPm3m	55226
0mBm	UmumZmL	m4mWmom2m	75221
1mzm	Nm7mwm	drrHrsrfrh	86809
r'rJr	/rEr6r	Kr9rqrprer	27042
MrRrGrVr	SrQrlrx	rgrcrFrkra	91697
rvryr	brCr5rY	rnrirXrjr	23022
DrtrOr	Pr3r0	rBrUrurZrL	84470
r4rWr	or2	r1rzrNr7	27579
rwrd	HHsHfH	hH'HJH/H	90607
EH6HK	H9HqHpH	eHMHRHGHV	31924
HSHQHlH	xHgHc	HFHkHaHvH	91043
yHbH	CH5H	YHnHiHXHjH	39734
DHtHOHP	H3H0HB	HUHuHZHLH	41625
4HWHoH2	H1HzH	NH7HwHdss	71755
fshs's	Js/sEs6	sKs9sqsps	81535
esMsR	sGsV	sSsQslsxs	17865
gscsFs	ksasvsy	sbsCs5sYsn	28383
sisXsjsDs	tsOs	Ps3s0sBs	26365
UsusZsL	s4sW	sos2s1szsN	45137
s7swsdff	hf'fJf/f	Ef6fKf9fq	56480
fpfef	MfRfGfVf	SfQflfxfg	33643
fcfFf	kfafvfyf	bfCf5fYf	5083
nfifXfj	fDftfO	fPf3f0fBf	24013
UfufZfL	f4fWfof2	f1fzfNf7f	41341
wfdhh'	hJh/h	Eh6hKh9h	60833
qhpheh	MhRhGh	VhShQhlhx	69848
hghchF	hkhah	vhyhbhCh5	36369
hYhnhihX	hjhDht	hOhPh3h0h	10461
BhUhu	hZhLh4h	Whoh2h1hz	68439
hNh7h	whd''J'	/'E'6'K'	69930
9'q'p'e	'M'R'G'V'	S'Q'l'x'g	99354
'c'F'k	'a'v'y	'b'C'5'Y'	7981
n'i'X	'j'D't	'O'P'3'0'B	7529
'U'u'	Z'L'4	'W'o'2'1'z	38771
'N'7'	w'dJJ/J	EJ6JKJ9JqJ	23706
pJeJMJRJ	GJVJSJQ	JlJxJgJcJ	91204
FJkJaJv	JyJbJ	CJ5JYJnJi	56405
JXJjJD	JtJOJ	PJ3J0JBJU	48489
JuJZJL	J4JWJoJ2	J1JzJNJ7Jw	50004
Jd//E/6	/K/9/	q/p/e/M/R	35964
/G/V/S	/Q/l/x/	g/c/F/k/	13831
a/v/y/	b/C/5	/Y/n/i/X/	86970
j/D/t	/O/P/3/	0/B/U/u/Z	29568
/L/4/W/	o/2/1/	z/N/7/w/	97293
dEE6	EKE9Eq	EpEeEMERE	88303
GEVES	EQElE	xEgEcEFEk	70279
EaEvEyE	bECE5	EYEnEiEXE	4795
jEDEtE	OEPE3	E0EBEUEuEZ	31340
ELE4EWE	oE2E1E	zENE7EwE	42481
d66K6	96q6p	6e6M6R6G6	59308
V6S6	Q6l6x6g	6c6F6k6a6	79689
v6y6b	6C656Y6	n6i6X6j6D6	59752
t6O6P636	06B6U6u	6Z6L646W	54693
6o6261	6z6N676w	6dKK9KqKpK	22724
eKMKRK	GKVKSK	QKlKxKgKcK	74051
FKkKaK	vKyKbKCK5	KYKnKiKXK	8359
jKDKt	KOKPK	3K0KBKUKuK	77363
ZKLK4	KWKoK	2K1KzKNK7	33569
KwKd	99q9p	9e9M9R9G	49792
9V9S9Q9	l9x9g9c9	F9k9a9v9y	96915
9b9C959Y	9n9i9	X9j9D9t9O	80159
9P939	09B9U9u	9Z9L949W9o	48774
92919z9	N979w9dq	qpqeqMqR	25788
qGqVq	SqQqlqx	qgqcqFqkq	62271
aqvqyqb	qCq5qYq	nqiqXqjqD	75461
qtqOqPq	3q0qBqUquq	ZqLq4qWqo	83922
q2q1qzq	Nq7qwqd	ppepMpRpG	72399
pVpSpQ	plpxp	gpcpFpkp	94942
apvpy	pbpCp5p	YpnpipXpj	97332
pDptpO	pPp3	p0pBpUpu	89143
pZpL	p4pWpo	p2p1pzpNp7	34958
pwpdeeM	eReGeV	eSeQelex	78181
egeceF	ekea	eveyebeCe5	40075
eYen	eieXej	eDeteOePe3	41897
e0eBe	UeueZeL	e4eWeoe2e	27636
1ezeN	e7ewed	MMRMGMVMS	20616
MQMlM	xMgM	cMFMkMaMv	63388
MyMbMCM5M	YMnMiM	XMjMDMtMOM	8646
PM3M0MB	MUMu	MZMLM4MW	90972
MoM2M1	MzMNM7M	wMdRRGRVR	78319
SRQRlRx	RgRcRF	RkRaRvRyR	12542
bRCR5R	YRnRiR	XRjRDRtROR	44718
PR3R	0RBRU	RuRZRLR4R	89069
WRoR2	R1RzRN	R7RwRdGGV	75486
GSGQGlG	xGgGcGFG	kGaGvGyGb	51715
GCG5GYG	nGiGXG	jGDGtGOGP	91960
G3G0G	BGUGu	GZGLG4GWG	48747
oG2G	1GzGN	G7GwGdVVSV	32316
QVlVxVg	VcVFV	kVaVvVyV	56257
bVCV5V	YVnViVX	VjVDVtVOV	88462
PV3V0VB	VUVuVZVL	V4VWVoV2V1	84172
VzVNV7	VwVdSS	QSlSxSgScS	51825
FSk	SaSvSyS	bSCS5SYS	9190
nSiS	XSjSD	StSOSPS3S	53004
0SBSUS	uSZSL	S4SWSoS2S	26351
1SzSNS	7SwSd	QQlQxQgQ	74652
cQFQk	QaQv	QyQbQCQ5Q	84939
YQnQi	QXQjQDQ	tQOQPQ3Q0	44483
QBQU	QuQZQL	Q4QWQoQ2Q1	15061
QzQNQ7QwQdl	lxlglc	lFlklalvl	32612
ylblCl5l	YlnlilX	ljlDltlO	77231
lPl3l0lB	lUlulZ	lLl4lWlol	77270
2l1lz	lNl7lwl	dxxgxcxFx	70327
kxaxvx	yxbxCx5x	YxnxixXxj	84452
xDxtxO	xPx3x0x	BxUxuxZxL	50749
x4xWxox	2x1xzxN	x7xwxdggc	72427
gFgkgagv	gygbg	Cg5gYgng	59289
igXgjg	DgtgOg	Pg3g0gBg	81257
Ugu	gZgLg4	gWgog2g1	63279
gzgNg	7gwgd	ccFckcacv	33513
cycb	cCc5c	YcncicXcj	23012
cDctcO	cPc3c0	cBcUcucZcL	27629
c4cWcoc	2c1czcN	c7cwcdFFk	30482
FaFvFyF	bFCF5	FYFnFiFXF	16254
jFDFt	FOFPF3	F0FBFUFuF	23270
ZFLF4F	WFoF2F1F	zFNF7FwFdk	77534
kakvk	ykbkCk	5kYknkikXk	56217
jkDktk	OkPk3k0kB	kUkukZkL	11708
k4kWko	k2k1kzkNk7	kwkdaavay	94638
abaCa5a	Yanaia	XajaData	17835
OaPa3a	0aBaUa	uaZaLa4aW	21486
aoa2a1	azaN	a7awadvvy	94994
vbvCv5v	YvnvivXvjv	DvtvOvPv3	82145
v0vBv	Uvuv	ZvLv4vWvov	10721
2v1vzvN	v7vwvdy	ybyCy5yYyn	61833
yiyXyjyD	ytyOyPy	3y0yByUyu	49239
yZyLy4yW	yoy2y1	yzyNy7ywy	5198
dbbCb5	bYbnb	ibXbjbDbt	90988
bObP	b3b0bBb	UbubZbLb	90333
4bWbob	2b1bzbNb	7bwbdCC5C	10855
YCnCiC	XCjCD	CtCOCPC3	46716
C0CBC	UCuCZC	LC4CWCoC2C	23614
1CzCNC7	CwCd55	Y5n5i5X5	87412
j5D5t	5O5P535	05B5U5u5Z5	49439
L545W	5o5251	5z5N575w5	87771
dYYnY	iYXYj	YDYtYOYPY3	77670
Y0YBYUY	uYZYL	Y4YWYoY2Y1	39327
YzYNY	7Yw	YdnninXn	88076
jnDntnOn	Pn3n0	nBnUnunZn	80144
Ln4nW	non2n	1nznNn7nw	58375
ndiiX	ijiDit	iOiPi3i0i	35535
BiUiu	iZiLi	4iWioi2i1	83350
iziN	i7iwid	XXjXDXtXO	53527
XPX3X0	XBXUXuX	ZXLX4XWXo	66767
X2X1XzX	NX7	XwXdjjDj	72067
tjOj	Pj3j0	jBjUjujZj	37173
Lj4jWjo	j2j1jz	jNj7jwjd	22
DDtDOD	PD3D	0DBDUDuDZ	15415
DLD4D	WDoD2D1	DzDND7DwDd	11025
ttOtPt	3t0tBt	UtutZtLt	38844
4tWt	ot2t1	tztNt7twt	34146
dOOPO	3O0OBO	UOuOZOLO4	49728
OWOoO	2O1OzONO	7OwOdPP3	60474
P0PBP	UPuPZPL	P4PWPoP2P1	21196
PzPNP7	PwPd	3303B3U3u	98461
3Z3L	343W3o3231	3z3N373w3	26447
d00B0U	0u0Z0L0	40W0o02010	81976
z0N070	w0dBB	UBuBZBLB	25374
4BWBo	B2B1	BzBNB7BwB	16016
dUUuU	ZULU4	UWUoU2U1	95447
UzUNU	7UwU	duuZuLu4uW	21839
uou2u	1uzuNu	7uwudZZL	62425
Z4ZWZo	Z2Z1ZzZ	NZ7ZwZdLL	36682
4LWLo	L2L1	LzLNL7LwL	76479
d44W4o4	2414	z4N474w4	25185
dWWoW2	W1Wz	WNW7WwWdo	96847
o2o1o	zoNo7owo	d2212z2N2	45885
72w2	d11z1N	171w1dzzN	26587
z7zwzdNN	7NwN	d77w7dwwd	71284
d88I	8A8T8	m8r8H8s8f	51795
8h8'8	J8/8E86	8K898q8p8	2663
e8M8R8	G8V8S8Q8l	8x8g8c8F8	80235
k8a8v	8y8b8C8	58Y8n8i8X	1856
8j8D8	t8O8P8	3808B8U8u8	67798
Z8L848	W8o8281	8z8N878w	15000
8dIIAI	TImIrI	HIsIfIhI'	49916
IJI/IEI	6IKI9I	qIpIeIMI	81406
RIGIVISI	QIlIxIg	IcIFIkIaI	84412
vIyIb	ICI5	IYInIiIX	23005
IjIDItI	OIPI3I0	IBIUIuIZIL	69519
I4IWIo	I2I1IzI	NI7IwIdAA	79344
TAmArA	HAsAfAh	A'AJA/AEA	4770
6AKA9A	qApAeA	MARAGAVAS	23586
AQA	lAxAgAcA	FAkAaAvAy	50851
AbAC	A5AY	AnAiAXAj	59621
ADAtA	OAPA	3A0ABAUAu	69337
AZAL	A4AWAoA2	A1AzANA7A	82469
wAdT	TmTrTH	TsTfThT'	83902
TJT/TE	T6TKT	9TqTpTeTM	17099
TRTGTV	TSTQ	TlTxTgTcT	81647
FTkTa	TvTyTbTC	T5TYTnTiT	97457
XTjTDTt	TOTP	T3T0TBTUT	7707
uTZTLT	4TWToT2T1	TzTNT7TwTd	43881
mmrmHms	mfmhm'mJ	m/mEm6mKm	74388
9mqmpme	mMmRmGm	VmSmQmlmxm	63682
gmcmFm	kmamv	mymbmCm5m	46443
YmnmimXmj	mDmtmOm	Pm3m0mBmU	4592
mumZmLm4m	Wmom2m1	mzmNm7mwm	37176
drrHrsr	frhr	'rJr/rEr6	82709
rKr9r	qrprer	MrRrGrVrSr	87637
Qrlrxrg	rcrFr	krarvryrbr	26209
Cr5rY	rnrirXrj	rDrtrOrPr	44660
3r0rBrU	rurZrL	r4rWror2r1	53271
rzrN	r7rwrd	HHsHfHhH	99625
'HJH/HE	H6HKH	9HqHpHeHMH	2159
RHGHV	HSHQHl	HxHgHcHF	26371
HkHaH	vHyHbH	CH5HYHnHi	89396
HXHjH	DHtHO	HPH3H0HB	76253
HUHuHZH	LH4H	WHoH2H1Hz	43507
HNH7HwH	dssfsh	s'sJs/sE	16529
s6sKs9	sqspse	sMsRsGsVs	29748
SsQ	slsxsgs	csFsksasvs	36429
ysbsCs5sY	snsi	sXsjsDst	40265
sOsPs	3s0sBs	UsusZsLs4s	46463
Wsos2	s1szsN	s7swsdffh	2389
f'fJf	/fEf6fKf	9fqfpfefM	89716
fRfGf	VfS	fQflfxfgf	54849
cfFfkfafv	fyfbf	Cf5fYfnfi	5148
fXfjfD	ftfO	fPf3f0fBfU	94875
fufZfLf	4fWfof2f1	fzfNf7fwf	53988
dhh'hJ	h/hEh6hK	h9hqhpheh	77932
MhRhGh	VhShQh	lhxhghchF	38363
hkha	hvhyhbhC	h5hYhnhih	71527
XhjhDhth	OhPh3h	0hBhUhuhZ	96901
hLh4h	Whoh	2h1hzhNh7	80273
hwhd''J'	/'E'6	'K'9'q'p'e	50211
'M'R'	G'V'S'	Q'l'x'g'c'	96708
F'k'a	'v'y'	b'C'5'Y'n	64714
'i'X'	j'D't	'O'P'3'0	61300
'B'U'	u'Z'L	'4'W'o'2'	98201
1'z'N'7'	w'dJJ/	JEJ6JKJ9	74377
JqJpJ	eJMJRJ	GJVJSJQJl	45945
JxJgJ	cJFJk	JaJvJyJbJ	22853
CJ5JY	JnJiJXJjJ	DJtJOJPJ3	18078
J0JBJ	UJuJZ	JLJ4JWJo	99234
J2J1JzJ	NJ7Jw	Jd//E/6/K	22278
/9/q/p/e	/M/R/G/	V/S/Q/l/	56971
x/g/	c/F/	k/a/v/y/b	44523
/C/5/Y/	n/i/X/j/	D/t/O/P/3	52367
/0/B/	U/u/Z/L	/4/W/o/2/1	77991
/z/N/7	/w/d	EE6EKE9Eq	22955
EpEeEME	REGEVE	SEQElExE	16960
gEcEF	EkEaEvEy	EbECE5EYE	6936
nEiEX	EjEDE	tEOEPE3E	76761
0E	BEUEu	EZELE4EWE	55598
oE2E	1EzENE7E	wEd66K696	65440
q6p6e	6M6R6G	6V6S6Q6l6	55972
x6g6	c6F6k6a6	v6y6b6C65	64551
6Y6n6	i6X6j6	D6t6O6P63	92950
606B6U6	u6Z6L646	W6o62616z6	12344
N67	6w6dK	K9KqKpKe	33381
KMKRKG	KVKSKQ	KlKxKgKc	43914
KFKkKa	KvKyKbKC	K5KYKnKiK	10678
XKjKDK	tKOKPK	3K0KBKUK	53206
uKZKL	K4KWK	oK2K1KzK	2346
NK7K	wKd99q	9p9e9M9R	60132
9G9V9	S9Q9l	9x9g9c9F9	1370
k9a9v	9y9b9	C959Y9n9	65326
i9X9j9D9t	9O9P9390	9B9U9u9Z9	60128
L949	W9o	92919z9N9	19764
79w9dq	qpqeqM	qRqGqVqSq	51424
Qqlqx	qgqc	qFqkqaqvq	45653
yqbqCq	5qYqn	qiqXqjqD	41909
qtqOqPq	3q0qB	qUquqZqL	43853
q4qWqo	q2q1qz	qNq7qwqdpp	70460
epMpRpG	pVpSp	Qplpxpgpcp	97747
Fpkp	apvpy	pbpCp5pY	96569
pnpipXp	jpDptpO	pPp3p0pB	33301
pUpupZ	pLp4pW	pop2p1pzp	64990
Np7pwpde	eMeReGe	VeSeQelex	80684
egece	Feke	aeveyebeC	66507
e5eYe	neieXe	jeDeteOe	50849
Pe3e0eB	eUeu	eZeLe4eWe	76696
oe2e1e	zeNe7ew	edMMRMGMV	77654
MSMQM	lMxMgMcMFM	kMaMvMyM	53597
bMCM5MY	MnMiMXM	jMDMtMOM	81760
PM3	M0MBM	UMuMZMLM4	53662
MWMoM2	M1MzM	NM7MwMdRR	75670
GRVR	SRQRlRxRg	RcRFRkRaRv	94687
RyRbRC	R5RYRnR	iRXRjRDRt	51441
RORPR	3R0R	BRURuRZRL	52353
R4RWR	oR2R	1RzRNR7Rw	33795
RdGGV	GSGQGlGx	GgGcGFGkG	37455
aGvGyGb	GCG5GYG	nGiGXGjGD	14365
GtGOG	PG3G0G	BGUGuGZGL	5868
G4GWGoG	2G1GzGNG	7GwGdVVSVQ	42899
VlVxV	gVcVFVkV	aVvVyVbVCV	22079
5VYVn	ViVXVj	VDVtVOVPV	51699
3V0VBVUV	uVZVL	V4VWVoV2V	22113
1VzVN	V7VwV	dSSQSlSxS	94000
gScSF	SkSaS	vSySbSCS5	92085
SYSn	SiSXS	jSDStSOSPS	3400
3S0S	BSUSuSZ	SLS4SWSoS2	12634
S1SzSN	S7S	wSdQQlQxQ	34200
gQcQ	FQkQaQv	QyQbQCQ5QY	29315
QnQiQX	QjQDQtQ	OQPQ3Q0QB	45826
QUQuQ	ZQLQ	4QWQoQ2Q	80188
1QzQN	Q7Qw	Qdllxlglc	27165
lFlkla	lvly	lblCl5lYln	68891
lilXljl	DltlOl	Pl3l0lBl	26524
UlulZ	lLl4lWl	ol2l1lzlN	38885
l7lw	ldxx	gxcxFxkxa	4503
xvxyxbxC	x5xYx	nxixXxjx	40544
DxtxOxPx	3x0xBxU	xuxZxLx4xW	15281
xox2x1x	zxNx	7xwxdggcg	85251
Fgkg	agvgygb	gCg5gYgn	57315
gigXg	jgDgtgOgP	g3g0gBgUg	53404
ugZg	Lg4gWgog	2g1gzgNg7	41181
gwgdcc	Fckcacvc	ycbcCc5c	54894
Ycnci	cXcjc	DctcOcPc3	91049
c0cBc	UcucZcL	c4cWcoc2c	61279
1czc	Nc7cwcd	FFkFaFvFy	54244
FbFCF5F	YFnFiFX	FjFDFtFOF	64041
PF3F0FB	FUFuFZ	FLF4FWFoF	52025
2F1FzF	NF7F	wFdkkakvk	53652
ykbkCk5k	Yknki	kXkjkDktk	51674
OkPk3k	0kBkUkuk	ZkLk4kWk	14372
ok2k1k	zkNk7kwk	daavayabaC	18696
a5aYana	iaXaj	aDataOaP	61436
a3a0aB	aUauaZ	aLa4aWao	33487
a2a1azaNa	7awadvv	yvbvCv5vY	70326
vnvivXv	jvDvtvOv	Pv3v0vBv	70176
Uvuv	ZvLv4v	Wvov2v1vz	78526
vNv7v	wvdyybyC	y5yYynyiy	19480
Xyjy	DytyOy	Py3y0yByU	24937
yuyZyLy	4yWyoy2y	1yzyNy7yw	87059
ydbbCb	5bY	bnbibXbjb	50424
Dbtb	ObPb3b0	bBbUbubZb	23954
Lb4bW	bob2b1b	zbNb7bwbd	85505
CC5CYC	nCiCXCj	CDCtCOCPC	63455
3C0CBC	UCuCZC	LC4CWCoC2C	46680
1CzCNC7C	wCd55Y5	n5i5X5j5D	88094
5t5	O5P	53505B5U5	96937
u5Z5L5	45W5o52	515z5N575w	25497
5dYYn	YiYXYjYD	YtYOYPY3Y	62973
0YBYUYuY	ZYLY4YWYoY	2Y1YzYNY7Y	54770
wYdnni	nXnjn	DntnOnPn3	36783
n0nBnU	nunZn	Ln4nWnon2n	64790
1nzn	Nn7nwn	diiXijiDit	56876
iOiPi3i	0iBiUiuiZi	Li4iWioi2	67307
i1izi	Ni7iwi	dXXjXDXtX	59043
OXPX3X0	XBXUX	uXZXLX4XWX	37763
oX2X1	XzXNX7X	wXdjjDjtj	90953
OjPj	3j0jBjU	jujZjLj4	47352
jWjoj	2j1jzj	Nj7jwjdDD	39627
tDODP	D3D0	DBDUDuDZD	18647
LD4DWD	oD2D1D	zDND7DwDd	92642
ttOt	Pt3t0t	BtUtutZtL	10544
t4tWt	ot2t1tz	tNt7twtdO	11057
OPO3O0	OBOUOu	OZOLO4OW	16319
OoO2O1	OzONO7	OwOdPP3P0P	59216
BPUP	uPZPLP	4PWPoP2P1	49369
PzPNP	7PwPd33	03B3U3u3Z	58831
3L343W	3o32	313z3N373w	78957
3d00B	0U0u0Z	0L040W0o0	47210
2010	z0N0	70w0dBBU	63874
BuBZBLB	4BWBo	B2B1BzBNB7	11592
BwBd	UUuU	ZULU4UWUo	15225
U2U1Uz	UNU7UwUd	uuZuLu4uWu	31146
ou2u1u	zuNu7uw	udZZLZ4ZW	6251
ZoZ2Z1	ZzZNZ	7ZwZdLL4L	48135
WLoL2	L1Lz	LNL7LwLd4	54729
4W4o424	14z4N474w4	dWWoW2W1Wz	46047
WNW7WwW	doo2o1o	zoNo7owod	59081
2212z2N	272w2d	11z1N171w1	20866
dzzNz7z	wzd	NN7NwNd77	91663
w7dwwd	d88I8	A8T8m8r8H8	33106
s8f8h8	'8J8/	8E868K898q	66344
8p8e8M	8R8G8V	8S8Q8l8x8g	98910
8c8F8k	8a8v	8y8b8C858	49214
Y8n8	i8X8j8D8	t8O8P8380	67202
8B8U	8u8Z8L8	48W8o828	34882
18z8N8	78w8dI	IAITImIrI	84244
HIsIfIh	I'IJI/IE	I6IKI9IqI	69870
pIeIMIR	IGIV	ISIQIlIxI	84821
gIcIFIk	IaIvIy	IbICI5IYIn	583
IiIX	IjIDIt	IOIPI3I0I	99806
BIUIu	IZILI4	IWIoI2I1I	75170
zINI	7IwIdA	ATAmArAHA	35785
sAfAhA'	AJA/AE	A6AKA9AqAp	3093
AeAMARAGAV	ASAQAl	AxAgAcAFA	49177
kAaAv	AyAbA	CA5AYAnA	8088
iAXAjA	DAtA	OAPA3A0A	92276
BAUAu	AZALA	4AWAoA2A1A	9043
zANA7AwAd	TTmTrTH	TsTfThT'T	96767
JT/TET	6TKT9	TqTpTeTM	59693
TRTGTVT	STQTl	TxTgTcTF	34126
TkTaTvTy	TbTCT5	TYTnTiTX	57896
TjTD	TtTOTPT	3T0TBTUTu	12730
TZTLT4T	WToT2T	1TzTNT7T	4408
wTdm	mrmHmsm	fmhm'mJm	55549
/mEm6m	Km9mqmpm	emMmRmGmV	28589
mSmQmlmx	mgmc	mFmkmamvmy	49237
mbmCm5	mYmn	mimXmjmD	24899
mtmOmP	m3m0mB	mUmumZmLm	87214
4mWm	om2m1mzm	Nm7mwmdr	22229
rHrsrf	rhr'r	Jr/rEr6rK	66012
r9rqrp	rerMrRr	GrVrSrQrl	37916
rxrgr	crFrkra	rvryrbrCr	88210
5rYrnri	rXrjr	DrtrOrPr3	5213
r0rBr	UrurZrL	r4rWror2r	75321
1rzrNr7r	wrdHH	sHfHhH'HJH	69880
/HEH6	HKH9H	qHpHeHMHR	35413
HGHVHS	HQHlHxHg	HcHFHkHaH	87681
vHyHbHCH5HY	HnHiH	XHjHDHtHO	92968
HPH3H0H	BHUHuH	ZHLH4HWHo	13091
H2H1	HzHNH7	HwHdssfsh	54723
s'sJs/	sEs6sKs	9sqspsesM	87620
sRsGsVs	SsQslsxs	gscsFsksa	51684
svsy	sbsCs	5sYsnsisX	18407
sjsDs	tsOsPs	3s0sBsUsu	1772
sZsLs4	sWsos2	s1szsNs7	30839
swsdffh	f'fJf	/fEf6fKf9	19814
fqfpf	efMf	RfGfVfSfQ	66252
flfxfgf	cfFf	kfafvfyfb	14253
fCf5	fYfnfi	fXfjfDftf	65826
OfPf3f	0fBfU	fufZfLf4f	34582
Wfof2	f1fz	fNf7fwfdh	78440
h'hJh/	hEh6hKh	9hqhpheh	12340
MhRh	GhVhShQhl	hxhghchFh	80815
khahv	hyhbh	Ch5hYhnhi	90669
hXhjh	DhthOhP	h3h0hBhUh	69546
uhZhLh4	hWhoh2	h1hzhNh7	58020
hwhd''J	'/'E'	6'K'9'q'p	99916
'e'M'R'	G'V'S'	Q'l'x'g'c	29832
'F'k'a'v	'y'b	'C'5'Y'n	21179
'i'X'	j'D't'O	'P'3'0'B'U	6382
'u'Z'L	'4'W'o	'2'1'z'N	54076
'7'w	'dJJ/J	EJ6JKJ9JqJ	84833
pJeJMJ	RJGJVJS	JQJlJxJgJ	78174
cJFJkJaJv	JyJbJC	J5JYJnJi	17457
JXJjJ	DJtJ	OJPJ3J0JB	62154
JUJu	JZJL	J4JWJoJ2J	65878
1JzJNJ7J	wJd/	/E/6/K/9/	88572
q/p/e/M	/R/G/V	/S/Q/l/x/	40708
g/c/F	/k/a/v/y	/b/C/5/Y/n	61725
/i/X/j/	D/t/O/	P/3/0/B/U	28951
/u/Z/L	/4/W/o	/2/1/z/N/	84245
7/w/dEE	6EKE	9EqEpEeE	10097
MEREGE	VESEQElE	xEgEcEFE	365
kEaEvE	yEbEC	E5EYEnEi	81344
EXEj	EDEtE	OEPE3E0EB	71054
EUEu	EZELE	4EWEoE2E1	27376
EzENE7	EwEd66	K696q6p6e	26391
6M6R6G6V	6S6Q6l6	x6g6c6F6	37905
k6a6v6y6	b6C65	6Y6n6i6X	31982
6j6D6t6	O6P636	06B6U6u6Z	56074
6L646W6	o62616z6	N676w6dKK	927
9KqKpK	eKMKRKGKV	KSKQKlKxK	45782
gKcKF	KkKaK	vKyKbKCK5K	22244
YKnKiK	XKjKDKt	KOKPK3K0K	58282
BKUKuK	ZKLK4KW	KoK2K1KzK	17133
NK7Kw	Kd99	q9p9e9M9R9	9320
G9V9	S9Q9l9x9	g9c9F9k9a	86914
9v9y9	b9C959Y	9n9i9X9j9	87321
D9t9O	9P93	909B9U9u9Z	26221
9L949W	9o9	2919z9N97	47149
9w9dqqp	qeqMqRqG	qVqSqQqlq	25338
xqgq	cqFq	kqaqvqyqb	91754
qCq5q	YqnqiqX	qjqDqtqOq	43475
Pq3q0	qBqUquqZ	qLq4qWqo	9762
q2q1qzq	Nq7qwq	dppepMpRp	85478
GpVpSpQ	plpxpgpc	pFpkpapvp	41634
ypbpCp	5pYpnpip	XpjpDptp	90219
OpPp3	p0pBpUp	upZpLp4p	65253
Wpop2	p1pzpNp7p	wpdeeMeRe	48512
GeVeSeQe	lexe	geceFekea	3393
eveyeb	eCe5eYen	eieXejeDe	65090
teOe	Pe3e0eB	eUeueZeL	64025
e4eWeoe	2e1ez	eNe7ewedM	88129
MRMG	MVMS	MQMlMxMgM	31798
cMFMkM	aMvMyM	bMCM5MYMn	2712
MiMXM	jMDMtMO	MPM3M0MB	63750
MUMu	MZML	M4MWMoM2M	24860
1MzMNM	7MwMdRRGRV	RSRQRlRxR	87383
gRcR	FRkRaR	vRyRbRCR	14500
5RYR	nRiRXRjRD	RtRORPR3R0	71101
RBRUR	uRZRLR4R	WRoR2R1R	2738
zRNR7Rw	RdGGV	GSGQGlGxG	16901
gGcG	FGkGaG	vGyGbGCG5G	94598
YGnGiG	XGjGDG	tGOGPG3G0	4684
GBGUGu	GZG	LG4GWGoG	36960
2G1G	zGNG7G	wGdVVSVQV	6853
lVxVg	VcVFVk	VaVvVyVbV	24345
CV5VYVn	ViVXVj	VDVtVOVPV	95425
3V0V	BVUVuVZ	VLV4VWVoV	86716
2V1	VzVNV	7VwVdSSQS	30663
lSxS	gScSFSkS	aSvSySbSC	41210
S5SY	SnSiSXSjS	DStSOSPS3	65758
S0SBSUS	uSZSLS	4SWSoS2S1	83227
SzSNS7S	wSdQQl	QxQgQcQFQ	42846
kQaQvQyQ	bQCQ5	QYQnQiQXQ	86830
jQDQt	QOQPQ3Q0Q	BQUQuQZQL	34403
Q4QWQoQ	2Q1QzQ	NQ7QwQdll	17132
xlglcl	Flklalvl	ylblCl5lY	22748
lnlil	XljlD	ltlOlPl3	57598
l0lBl	UlulZl	Ll4lWlol	56687
2l1lzl	Nl7lwld	xxgxcxFxkx	65133
axvx	yxbxCx	5xYxnxixX	96422
xjxDxt	xOxPx3x0xB	xUxuxZxLx	13
4xWx	ox2x1xz	xNx7xwxdg	72108
gcgFgkg	agvgy	gbgCg5gYg	6203
ngi	gXgjgD	gtgOgPg3g0	5219
gBgUgu	gZgLg4gW	gog2g1gzg	81011
Ng7gwgd	ccFckc	acvcycbcC	17361
c5cYcn	cicXc	jcDctcOcPc	96851
3c0cBc	UcucZ	cLc4cWcoc	2423
2c1c	zcNc7c	wcdFFkFa	51256
FvFyFbF	CF5FYF	nFiFXFjF	48040
DFtF	OFPF3	F0FBFUFuF	44151
ZFLF4	FW	FoF2F1Fz	96205
FNF7Fw	Fdkka	kvkykbkCk	6343
5kYk	nkikXk	jkDktkOkP	6183
k3k0kB	kUkukZk	Lk4kWkok	22360
2k1kz	kNk7kwk	daavayab	86747
aCa5a	Yanai	aXajaData	42418
OaPa3a	0aBaU	auaZaLa4a	80694
Waoa2a1	azaNa7a	wadvvyvbv	41500
Cv5vYv	nvivX	vjvDvtvO	63422
vPv3v0v	BvUvuv	ZvLv4vWv	62589
ov2v1	vzvNv7v	wvdyybyCy	76150
5yYyn	yiyXyjyD	ytyOyPy3y	38090
0yByUy	uyZyLy4	yWyoy2y1y	42931
zyNy7yw	ydbbC	b5bYbnbi	52126
bXbjb	DbtbO	bPb3b0bB	1792
bUbubZbL	b4bWbob2	b1bzbNb7b	5477
wbdCC5	CYCnCiC	XCjCDCtCO	42556
CPC3	C0CBCUC	uCZCLC4CW	6587
CoC2C1	CzCNC	7CwCd55Y5n	71809
5i5X	5j5D5t	5O5P53505	36496
B5U5	u5Z5L	545W5o52	69706
515z5N5	75w5dY	YnYiYXYjY	8791
DYtYOYPY3	Y0YBYUYu	YZYLY4YW	67446
YoY2Y1	YzYNY	7YwYdnninX	33028
njnD	ntnOnPn3n	0nBnUnunZn	34067
Ln4nWnon2	n1nzn	Nn7nwndii	71666
XijiDit	iOiPi3	i0iBiUiui	43727
ZiLi4	iWioi2i	1iziNi7iwi	27262
dXXjXDXt	XOXPX3X0	XBXUXuXZ	29552
XLX4XW	XoX2X1	XzXNX7XwX	75046
djjDjt	jOjPj3j0	jBjUjujZj	82536
Lj4j	Wjoj2j1	jzjNj7jw	49140
jdDDtDO	DPD3D0	DBDUDuDZDL	60976
D4DWDoD	2D1DzDN	D7DwDdtt	20063
OtPt	3t0tBtUt	utZtLt4t	69681
Wtot2	t1tztN	t7twtdOOP	99368
O3O0OBO	UOuOZOL	O4OWOoO2	36299
O1OzO	NO7O	wOdPP3P0	43561
PBPUPu	PZPLP4	PWPoP2P1P	5914
zPNP7Pw	Pd3303B3	U3u3Z3L34	11108
3W3o	32313z3	N373w3d00	87721
B0U0u0	Z0L040	W0o02010	58127
z0N070	w0dBBU	BuBZBLB4BW	8000
BoB2B1B	zBNB	7BwBdUUuU	30257
ZULU4UWUo	U2U1Uz	UNU7UwUdu	9439
uZuLu4u	Wuou2	u1uzuNu7	8196
uwudZZ	LZ4ZWZ	oZ2Z1ZzZN	85540
Z7ZwZ	dLL4L	WLoL2L1LzL	99802
NL7LwLd	44W4o42	414z4N474	13391
w4dWWoW2W1	WzWNW	7WwWdoo2o	9058
1ozo	No7owo	d2212z2N27	12644
2w2d1	1z1N17	1w1dzzNz7	39287
zwzdNN7	NwNd77	w7dwwdd88	18562
I8A8T8m	8r8H	8s8f8h8'	93961
8J8/8E86	8K898q	8p8e8M8R8	18064
G8V8	S8Q8l8	x8g8c8F8k	56912
8a8v8y8	b8C858	Y8n8i8X8j	18331
8D8t8O	8P8380	8B8U8u8Z	87618
8L848W	8o8281	8z8N878w8	17888
dIIA	ITImIr	IHIsIfIhI	25190
'IJI/I	EI6IKI9Iq	IpIeIMIR	99551
IGI	VISIQI	lIxIgIcI	80828
FIkI	aIvIyIb	ICI5IYInI	54434
iIXIj	IDItI	OIPI3I0IB	54583
IUIu	IZILI4I	WIoI2I1Iz	36891
INI	7IwI	dAATAmArAH	36572
AsAfA	hA'AJA/	AEA6AKA9A	30125
qApAeA	MARAGAV	ASAQAlAxA	67295
gAcAFA	kAaAvAyA	bACA5AYAn	74368
Ai	AXAjAD	AtAOAPA3A	99906
0AB	AUAuAZA	LA4AWAoA	81389
2A1AzAN	A7AwA	dTTmTrTHT	67858
sTfTh	T'TJT	/TET6TKT	27497
9TqTpTeT	MTRTG	TVTSTQTlT	95320
xTgTc	TFTk	TaTvTyTbT	7145
CT5TYTn	TiTXTjTDTtT	OTPT3T0TB	66908
TUTuTZT	LT4TWTo	T2T1TzTN	77629
T7TwTd	mmrmHms	mfmhm'mJm	54869
/mEm	6mKm9mq	mpmemMmRmG	18177
mVmSmQ	mlmxm	gmcmFmkm	43347
amvmymbmC	m5mY	mnmimXmjm	10513
DmtmO	mPm3m0mB	mUmumZmLm4	31713
mWmom2m	1mzmNm7mwm	drrHrsrfr	2952
hr'rJr/	rEr6r	Kr9rqrpr	15757
erMrRrG	rVrSr	Qrlrxrgrc	13457
rFrkr	arvry	rbrCr5rYr	99799
nrirX	rjrDrt	rOrPr3r0rB	41184
rUrurZ	rLr4rWror	2r1rzrNr	78510
7rwrd	HHsHf	HhH'HJH/H	75891
EH6HKH9H	qHpHe	HMHRHGHVH	70750
SHQHl	HxHgHcH	FHkHaHvHyH	45278
bHCH	5HYHnHiH	XHjHDHtHO	30671
HPH3H0	HBHUHuH	ZHLH4HWH	35839
oH2H1H	zHNH7H	wHdssfsh	77868
s'sJ	s/sEs6	sKs9sqsp	97999
sesM	sRsGsVs	SsQslsxsg	23388
scsF	sksasvsy	sbsCs5sYs	7532
nsisXs	jsDst	sOsPs3s0s	11886
BsUsus	ZsLs4s	Wsos2s1sz	86481
sNs7sws	dffhf'fJf	/fEf6fKf9	37767
fqfp	fefMf	RfGfVfSfQ	89086
flfxfg	fcfFfk	fafvfyfbf	30975
Cf5fYfn	fifXf	jfDftfOfP	35901
f3f0f	BfUfuf	ZfLf4fWf	41185
of2f1fz	fNf7fwf	dhh'hJh/hE	80357
h6hKh9h	qhph	ehMhRhGh	21989
VhShQ	hlhxhgh	chFhkhahv	20147
hyhbhCh	5hYhnhi	hXhjhDhth	79057
OhPh3h	0hBhUh	uhZhLh4h	91820
Whoh2h1	hzhNh7hw	hd''J'/'E	45643
'6'K'9	'q'p'e'	M'R'G'V'S	49947
'Q'l'	x'g'c'F'	k'a'v'y'	44060
b'C'5'	Y'n'i	'X'j'D't'	35840
O'P'3'0	'B'U'u'	Z'L'4'W'o	32308
'2'1'	z'N'7'w'd	JJ/JEJ6J	42609
KJ9JqJp	JeJMJRJ	GJVJSJQJl	96081
JxJg	JcJF	JkJaJvJy	97602
JbJCJ5	JYJnJ	iJXJjJDJt	99837
JOJPJ3	J0JBJU	JuJZJLJ4J	66536
WJoJ	2J1JzJN	J7JwJd//E	64032
/6/K/9/q	/p/e/M	/R/G/V/S/Q	86160
/l/x/	g/c/F/k/	a/v/y/b/C	77888
/5/Y/	n/i/X	/j/D/t/O/P	97010
/3/0/	B/U/u/Z/L	/4/W/o/2/	35567
1/z/N/	7/w/dEE6E	KE9EqEpEe	96046
EMEREGEV	ESEQEl	ExEgEcEF	21929
EkEaE	vEyEbE	CE5EYEnEi	97775
EXEjED	EtEOEPE3E	0EBEUEuEZ	30726
ELE4EW	EoE2E	1EzENE7Ew	13379
Ed66K	696q6p6e	6M6R6G6V	65592
6S6	Q6l6x6g	6c6F6k6a	12462
6v6y6	b6C656	Y6n6i6X6j6	97973
D6t6	O6P63	606B6U6u6	18757
Z6L64	6W6o62	616z6N67	3096
6w6d	KK9KqK	pKeKMKRK	6236
GKVK	SKQKlKxKgKcK	FKkKaKvK	34019
yKbKC	K5KYK	nKiKXKjKD	22018
KtKOKP	K3K0KBK	UKuKZKLK4	46056
KWKoK	2K1KzKNK	7KwKd99q9	12624
p9e9M	9R9G	9V9S9Q9l	88705
9x9g9c9	F9k9a9v	9y9b9C959Y	99362
9n9i9	X9j9D9t9	O9P93909B	98375
9U9u9Z9L	949W9	o92919z9N9	77746
79w9dqq	pqeqMqR	qGqVqSqQql	93189
qxqgqc	qFqkq	aqvqyqbq	21388
Cq5qYq	nqiqXq	jqDqtqOqP	88864
q3q0q	BqUquq	ZqLq4qWq	74129
oq2q1	qzqNq7	qwqdppepM	67069
pRpGpV	pSpQ	plpxpgpcp	23359
Fpkpapv	pypbpCp	5pYpnpipX	91394
pjpDp	tpOp	Pp3p0pBp	57139
UpupZp	Lp4pW	pop2p1pzp	51038
Np7pwpdeeMe	ReGeVeS	eQelexege	56571
ceFek	eaevey	ebeCe5eYe	46144
neieXej	eDete	OePe3e0eBe	24223
UeueZeL	e4eWeoe	2e1ezeNe7	31855
ewed	MMRMGM	VMSMQMlMx	1665
MgMcMF	MkMaM	vMyMbMCM5	76484
MYMnMiM	XMjMDM	tMOMPM3M0	41686
MBMUMuM	ZMLM4M	WMoM2M1MzM	4685
NM7MwMdRR	GRVR	SRQRlRxRgR	64028
cRFRk	RaRvR	yRbRCR5RY	63158
RnRiR	XRjRDR	tRORPR3R0	53317
RBRURuR	ZRLR4R	WRoR2R1Rz	39615
RNR7R	wRd	GGVGSGQGl	56468
GxGg	GcGFGk	GaGvGyGbG	27527
CG5GYG	nGiGX	GjGDGtGOG	47495
PG3G0G	BGUGu	GZGLG4GWG	616
oG2G1	GzGNG	7GwGdVVS	2993
VQVlV	xVgVcVFVk	VaVvVyVbV	62215
CV5VYVn	ViVXV	jVDVtVOVPV	11255
3V0VB	VUVuV	ZVLV4VWV	19543
oV2V1Vz	VNV7	VwVdSSQS	8049
lSxSg	ScSFS	kSaSvSySb	95632
SCS5SYSn	SiSXSj	SDStSOSPS	67840
3S0SBS	USuSZS	LS4SWSoS2S	72104
1SzS	NS7SwS	dQQlQxQgQ	44697
cQFQkQ	aQvQyQb	QCQ5QYQnQ	22536
iQXQ	jQDQ	tQOQPQ3Q	70063
0QBQUQ	uQZQLQ4	QWQoQ2Q1Q	46395
zQNQ	7QwQd	llxlglclF	23805
lklalvl	ylblC	l5lYlnli	80453
lXljlDl	tlOl	Pl3l0lBlU	62044
lulZlL	l4lWlol	2l1lzlNl7	46397
lwldxxg	xcxFxkx	axvxyxbxC	2083
x5xYxnxix	XxjxDx	txOxPx3x0x	36153
BxUxu	xZxLx	4xWxox2x1	72937
xzxNx	7xwxdggcg	Fgkgagvg	41415
ygbgCg	5gYgn	gigXgjgDg	24492
tgOgPg	3g0gBgUg	ugZgLg4gWg	34012
og2g1g	zgNg7gwg	dccFckcacv	60494
cycbc	Cc5cYcn	cicXcjcDc	55364
tcOcPc3	c0cBcUc	ucZcLc4cW	31813
coc2c1c	zcNc7cw	cdFFkFaF	63824
vFyF	bFCF5F	YFnFiFXFj	31111
FDFt	FOFPF	3F0FBFUFu	49843
FZFLF4FW	FoF2F1	FzFNF7FwF	89487
dkkak	vkykbk	Ck5kYknk	21909
ikXkjkDk	tkO	kPk3k0kBk	51250
UkukZkLk4	kWkok2	k1kzkNk7k	31373
wkdaav	ayaba	Ca5aYanai	44583
aXajaDa	taOaPa	3a0aBaUaua	25603
ZaLa4	aWaoa2	a1azaNa7a	12244
wadvvyv	bvCv5	vYvnvivXv	4300
jvDvt	vOv	Pv3v0vBv	18571
UvuvZ	vLv4vWv	ov2v1vzvN	79774
v7vw	vdyybyC	y5yYynyiy	7153
Xyjy	DytyOyPy3	y0yByUyuy	81925
ZyLy4yWy	oy2y1yzyNy	7ywydbbCb	98462
5bYbn	bibXb	jbDbtbOb	3176
Pb3b0	bBbUbu	bZbLb4bWb	77647
ob2b1b	zbNb7bw	bdCC5CYC	77755
nCi	CXCjCDCt	COCPC3C0C	96382
BCUCu	CZCLC4	CWCoC2C1	93224
CzCNC7Cw	Cd55	Y5n5i5X5j	12086
5D5t5O5	P535	05B5U5u5Z5	6581
L545W5	o5251	5z5N575w5	30282
dYYnY	iYXYjY	DYtYOYPY	17961
3Y0YBYU	YuYZYLY4Y	WYoY2Y1YzY	12051
NY7YwYdnn	inXnjnDn	tnOnPn3n0	70376
nBnUnu	nZnLn4nWn	on2n1nznN	30198
n7nwndi	iXiji	DitiOiPi	72578
3i0iB	iUiuiZ	iLi4iWio	92982
i2i1i	ziNi7i	widXXjXD	9044
XtXOXPX	3X0X	BXUXuXZXL	20022
X4XWXoX2X1	XzXNX7X	wXdjjDjt	81141
jOjP	j3j0j	BjUjujZjL	28063
j4jW	joj2	j1jzjNj7jw	99790
jdDDtD	ODPD3	D0DBDUDu	83878
DZDLD4	DWDoD	2D1DzDND7	82494
DwDdtt	OtPt3t0tB	tUtutZtLt	17267
4tWtot	2t1tztNt	7twtdOOPO	90579
3O0O	BOUOuO	ZOLO4OWOoO	46050
2O1Oz	ONO7OwO	dPP3P0PB	1575
PUPuPZ	PLP4PW	PoP2P1PzP	46903
NP7Pw	Pd3303	B3U3u3Z3L	71705
343W3o	32313z3N37	3w3d00B0U0	59320
u0Z0L0	40W0o0	2010z0N070	62223
w0dB	BUBuBZB	LB4BWBoB	40199
2B1Bz	BNB7Bw	BdUUuUZUL	44866
U4UWU	oU2U1Uz	UNU7UwUdu	3993
uZuLu4u	Wuou2u	1uzuNu7uwu	37251
dZZL	Z4ZW	ZoZ2Z1ZzZ	90176
NZ7Z	wZdLL	4LWLoL2L1L	12083
zLNL7LwLd	44W4o42	414z4N474	32059
w4dWWo	W2W1WzWN	W7WwWdoo	22185
2o1o	zoNo7o	wod2212z	84217
2N272	w2d11z	1N171w1dz	57654
zNz7z	wzdNN7	NwNd77w7dw	33935
wdd88I	8A8T8m8	r8H8s8f8h8	65923
'8J8/	8E868	K898q8p8e	82261
8M8R8G8	V8S8Q8l	8x8g8c8F8	14615
k8a8v8	y8b8	C858Y8n8i	72050
8X8	j8D8t	8O8P83808B	95894
8U8u8Z8	L848W8	o82818z8	43782
N878	w8dIIA	ITImIrIHI	83045
sIfIhI'	IJI/IE	I6IKI9IqI	62252
pIeIM	IRIGI	VISIQIlIxI	44959
gIcIF	IkIaIvI	yIbICI5IY	90309
InIiIX	IjIDItIOI	PI3I0IBI	13901
UIuIZIL	I4IWIoI2	I1IzINI7	22993
IwId	AATAmAr	AHAsAfAhA	20785
'AJA/AE	A6AKA9	AqApAeAM	74425
ARA	GAVAS	AQAlAxAgA	75875
cAFA	kAaAv	AyAbACA5A	20208
YAnAiA	XAjADA	tAOAPA3A	73593
0ABA	UAuAZA	LA4AWAoA2A	75307
1AzA	NA7AwAd	TTmTrTHT	53427
sTfT	hT'TJT/TET6	TKT9TqTpT	36474
eTMT	RTGTVT	STQTlTxTgT	41437
cTFTkTa	TvTyTbTCT5	TYTnTiTXT	19955
jTDTt	TOTPT3	T0TBTUTu	15843
TZTLT4TW	ToT2T1	TzTNT7Tw	26831
TdmmrmH	msmf	mhm'mJm/	2635
mEm6mKm	9mqmpm	emMmRmGmV	20086
mSmQm	lmxmgmc	mFmkmamvm	80156
ymbmCm5	mYmnmi	mXmjmDmtm	22349
OmP	m3m0mBm	UmumZmLm4	70808
mWmom	2m1mzm	Nm7mwmdrr	61934
Hrsr	frhr'rJr	/rEr6rKr9	83428
rqrpre	rMrRr	GrVrSrQrl	94615
rxrgrcrF	rkrarvr	yrbrCr5rYr	39288
nrir	XrjrDr	trOrPr3r0	45340
rBrUru	rZrLr4r	Wror2r1rz	97533
rNr7rw	rdHHsH	fHhH'HJH/	38395
HEH6H	KH9HqH	pHeHMHRHG	75175
HVHSH	QHlHx	HgHcHFHk	26071
HaHvHyHb	HCH5H	YHnHiHXHjH	69514
DHtHOH	PH3H0HBH	UHuHZHLH	54495
4HWHoH	2H1HzH	NH7HwHdss	92525
fshs's	Js/s	Es6sKs9sqs	2343
pse	sMsRsGs	VsSsQsls	85410
xsgsc	sFsks	asvsysbsC	16807
s5sY	snsisX	sjsDstsOs	1839
Ps3s	0sBsU	susZsLs4	68835
sWsos2	s1szsN	s7swsdffh	60778
f'fJf	/fEf6f	Kf9fqfpf	49295
efMfRf	GfVf	SfQflfxfg	2362
fcfFf	kfafvfy	fbfCf5fYfn	83956
fifXf	jfDftfO	fPf3f0fBf	81342
UfufZfLf	4fWf	of2f1fzfN	91420
f7fwfdhh	'hJh/hE	h6hKh9hq	45937
hphe	hMhRh	GhVhShQh	956
lhxhg	hchFh	khahvhyhbh	52251
Ch5hY	hnhihX	hjhDhthOh	37997
Ph3h0hB	hUhu	hZhLh4hWh	53756
oh2h1	hzhNh7hwhd	''J'/'E'	9998
6'K'9	'q'p'	e'M'R'G'V	36044
'S'Q'	l'x'g'	c'F'k'a'v	6032
'y'b'C	'5'Y'n	'i'X'j'D'	84117
t'O'P'	3'0'B	'U'u'Z'L'	64054
4'W'o'	2'1'z'	N'7'w'dJJ/	68776
JEJ6	JKJ9J	qJpJeJMJR	79467
JGJV	JSJQ	JlJxJgJc	56815
JFJkJaJ	vJyJb	JCJ5JYJn	95210
JiJXJ	jJDJtJO	JPJ3J0JBJ	27994
UJuJZ	JLJ4JWJo	J2J1JzJNJ7	37023
JwJd//E	/6/K/9/	q/p/e/M/R	69429
/G/V/S	/Q/l/x/g/c/F	/k/a/v/y/	31742
b/C/5/	Y/n/i/X/j/D	/t/O/P/3/	73015
0/B/U/u	/Z/L/4/	W/o/2/1/z	96583
/N/7/w	/dEE6E	KE9EqEpEe	45961
EMEREGE	VESE	QElExEgEc	31341
EFEkE	aEvEyEb	ECE5EYEnE	21555
iEXE	jEDE	tEOEPE3E	33810
0EBEUEu	EZELE4	EWEoE2E1	5150
EzENE7EwE	d66K69	6q6p6e6M6R	16769
6G6V6S	6Q6l6x	6g6c6F6k	5301
6a6v6y	6b6C6	56Y6n6i6X	36171
6j6D6t	6O6P63	606B6U6u	65917
6Z6L646	W6o626	16z6N676w	509
6dKK9	KqKpKeKM	KRKGKVKSK	10742
QKlKxKg	KcKFKk	KaKvKyKbK	51822
CK5KYK	nKiKXKjKDK	tKOKPK3K	89658
0KB	KUKuKZ	KLK4KWKoK	36480
2K1Kz	KNK7Kw	Kd99q9p9e	43274
9M9R9	G9V9S9Q9l	9x9g9c9F	12685
9k9a9	v9y9b9	C959Y9n9i	55513
9X9j9D	9t9O9P93	909B9U9u9Z	61294
9L949W	9o92919z9	N979w9dqqp	11287
qeqMqRq	GqVqS	qQqlqxqg	63531
qcqF	qkqaqv	qyqbqCq5qY	22128
qnqiqX	qjqDqtq	OqPq3q0q	88870
BqUqu	qZqLq4	qWqoq2q1	3618
qzqNq7q	wqdppe	pMpRpGpV	20925
pSpQplpxp	gpcp	Fpkpapvpy	53294
pbpC	p5pYpn	pipXpjpDp	42555
tpOpPp	3p0pBpU	pupZpLp4pW	24534
pop2p	1pzp	Np7pwpde	68552
eMeRe	GeVeSeQe	lexegeceF	99112
ekeae	veyebe	Ce5eYenei	58146
eXejeDe	teOePe3	e0eBeUeue	30584
ZeLe4e	Weoe2e1	ezeNe7ewe	58404
dMMRM	GMVMSM	QMlMxMgMc	12716
MFMkMa	MvMyMb	MCM5MYMn	84424
MiMXM	jMDMt	MOMPM3M0MB	90948
MUMu	MZMLM	4MWMoM2M	38344
1MzMN	M7MwMdR	RGRVRSRQR	46844
lRxRgR	cRFRkR	aRvRyRbRC	63996
R5RYR	nRiRXRj	RDRtRORPR	80665
3R0RB	RURuRZR	LR4RWRoR2R	79476
1RzRNR	7R	wRdGGVGSGQ	74552
GlGxGgG	cGFG	kGaGvGyGbG	74407
CG5GYGn	GiGXGjG	DGtGOGPG3	49859
G0GBGU	GuGZ	GLG4GWGo	36764
G2G1G	zGNG7G	wGdVVSVQ	65246
VlVxV	gVcVFVk	VaVvVyVbVC	63627
V5VYV	nViVXV	jVDVtVOVP	74866
V3V0	VBVUVu	VZVLV4VWV	71670
oV2V1	VzVNV	7VwVdSSQSl	41805
SxSgScS	FSkSaS	vSySbSCS	96232
5SYSnSi	SXSjSDSt	SOSPS3S0S	46938
BSUSuSZ	SLS4SWSoS	2S1SzSNS	59551
7SwSdQ	QlQxQgQ	cQFQkQaQ	36531
vQyQb	QCQ5	QYQnQiQXQ	28999
jQDQtQ	OQPQ3Q0	QBQUQuQZQ	36538
LQ4QWQ	oQ2Q1Qz	QNQ7QwQdl	72017
lxlgl	clFlklal	vlylblCl5l	42342
Ylnlil	XljlDlt	lOlPl3l0lB	6933
lUlulZ	lLl4lWl	ol2l1lzl	95155
Nl7l	wldxxgxcxF	xkxaxvxyx	18219
bxC	x5xYxn	xixXxjxDx	37053
txOxPx	3x0xBxUx	uxZxLx4xW	25037
xox2x1	xzxNx	7xwxdggcg	2857
Fgkgag	vgygbgC	g5gYgngig	30897
XgjgDg	tgOgPg	3g0gBgUg	8444
ugZgLg4	gWgog2g1g	zgNg7gwgd	81584
ccFck	cacvcy	cbcCc5cYc	98315
ncicX	cjcDct	cOcPc3c0c	24440
BcUcuc	ZcLc4c	Wcoc2c1cz	36931
cNc7cw	cdFFkFa	FvFyFbFCF	82765
5FYFnF	iFXFjF	DFtFOFPF3	4888
F0FBF	UFuFZFLF4F	WFoF2F1F	25925
zFNF7	FwFdkkak	vkykbkCk	2543
5kYkn	kikXkj	kDktkOkPk	85238
3k0k	BkUk	ukZkLk4k	73945
Wkok2	k1kzkNk	7kwkdaava	6300
yabaCa5	aYanai	aXajaData	92915
OaPa	3a0a	BaUauaZaL	45661
a4aWaoa	2a1azaNa7	awadvvyvb	55995
vCv5	vYvnv	ivXvjvDvt	94360
vOvPv3v0	vBvUvuvZvLv	4vWvov2v1v	31766
zvN	v7vwvd	yybyCy5yY	17987
ynyi	yXyjyDyt	yOyPy3y0y	36185
ByUyu	yZyLy	4yWyoy2y1	38203
yzyN	y7y	wydbbCb5b	42405
YbnbibX	bjbDbtb	ObPb3b0bB	40771
bUbubZb	Lb4bWbob	2b1bzbNb	41040
7bwbd	CC5CYC	nCiCXCjCDC	27519
tCOCPC	3C0CBC	UCuCZCLC4	87892
CWCoC	2C1CzC	NC7CwCd55	74925
Y5n5i5	X5j5D	5t5O5P535	75763
05B	5U5u5Z5L5	45W5o5251	56941
5z5N57	5w5dYYnYi	YXYjYDYtY	69440
OYPY3Y0	YBYUY	uYZYLY4YW	26509
YoY2Y	1YzYNY	7YwYdnninX	47889
njnDnt	nOnPn3	n0nBnUnun	49286
ZnLn4nW	non2	n1nznNn7n	34609
wndiiX	ijiDiti	OiPi3i0iBi	68507
Uiui	ZiLi4	iWioi2i1i	77356
ziNi7iw	idXXj	XDXtXOXPX	66581
3X0XB	XUXuX	ZXLX4XWXo	17151
X2X1X	zXNX7XwXd	jjDjtjOj	12470
Pj3j	0jBj	UjujZjLj4	6100
jWjoj2	j1jzjN	j7jwjdDDtD	77822
ODPD3D	0DBDUD	uDZDLD4DW	40876
DoD2D1D	zDND7	DwDdttOtP	89330
t3t0tBt	UtutZtLt4	tWtot2t1t	77858
ztNt	7twtdOO	PO3O0OBOU	18616
OuO	ZOLO4O	WOoO2O1Oz	5264
ONO7OwOd	PP3P	0PBPUPuPZP	89715
LP4PW	PoP2P	1PzPNP7PwP	77830
d3303B	3U3u3Z3L3	43W3o3231	50762
3z3N37	3w3d0	0B0U0u0Z0L	95936
040W	0o0201	0z0N070w	77398
0dBBUB	uBZBLB	4BWBoB2B1	897
BzBNB7BwB	dUUuUZ	ULU4UWUoU	1122
2U1UzUNU	7UwUdu	uZuLu4uWu	32422
ou2u1	uzuNu7u	wudZZLZ4Z	61911
WZoZ2	Z1Zz	ZNZ7ZwZdL	24306
L4LWL	oL2L1	LzLNL7LwL	87532
d44W4	o42414z4	N474w4dWW	20765
oW2W1	WzWNW7	WwWdoo2o1o	47839
zoNo	7owod	2212z2N27	66842
2w2d1	1z1N17	1w1dzzNz7	14520
zwzd	NN7Nw	Nd77w7dww	49920
dd88I8A	8T8m8	r8H8s8f8h	22271
8'8J8	/8E86	8K898q8p	23032
8e8M8	R8G8V8	S8Q8l8x8g	55055
8c8F8k	8a8v8y8b8	C858Y8n8	73682
i8X8	j8D8t	8O8P8380	49672
8B8	U8u8Z8L8	48W8o82818	17153
z8N878w8	dIIAITI	mIrIHIsIf	20301
IhI'I	JI/IEI6I	KI9IqIpI	78125
eIMIRIG	IVISIQ	IlIxIgIcI	89139
FIkIa	IvIyIbI	CI5IYInIi	61837
IXIjID	ItIOI	PI3I0IBI	98430
UIuIZILI4	IWIoI2	I1IzINI7	96147
IwIdAA	TAmAr	AHAsAfAhA	28711
'AJA/	AEA6A	KA9AqApAe	68251
AMARA	GAVAS	AQAlAxAgAc	86785
AFAkAaA	vAyAbA	CA5AYAnAiA	64848
XAjADAtA	OAPA3A	0ABAUAuA	36590
ZAL	A4A	WAoA2A1Az	29234
ANA7AwA	dTTmT	rTHTsTfTh	66925
T'TJT	/TET6TK	T9TqTpTeTM	39273
TRTGT	VTSTQTl	TxTgTcTFT	87677
kTaTv	TyTbT	CT5TYTnTi	38626
TXTjTD	TtTOTPT	3T0TBTUTuT	17281
ZTLT	4TWToT2T	1TzTNT7T	63353
wTdm	mrmHms	mfmhm'mJm	14317
/mEm6m	Km9mq	mpmemMmRm	4862
GmVmS	mQmlmxmgm	cmFmkmam	36107
vmymb	mCm5mYm	nmimXmjm	94541
DmtmOmP	m3m0mBm	UmumZmLm4m	87671
Wmom2m1	mzmNm	7mwmdrrHr	80048
srfrhr	'rJr/	rEr6rKr9r	73129
qrpr	erMrR	rGrVrSrQr	86651
lrx	rgrcr	Frkrarvry	84700
rbrCr5	rYrnrir	XrjrDrtrO	55765
rPr3r0	rBrUrur	ZrLr4rWr	17528
or2r1rz	rNr7r	wrdHHsHfH	28258
hH'HJ	H/HEH	6HKH9HqHp	2253
HeHMHR	HGHVHSHQHl	HxHgHcHFHk	66698
HaHvHyHb	HCH5HY	HnHiHXHjH	26780
DHtHOHP	H3H0HB	HUHuHZHLH	99308
4HWHoH2H1	HzHNH7	HwHdssfsh	40159
s'sJs	/sEs	6sKs9sqsp	86549
sesMs	RsGsVs	SsQslsxsg	58507
scsFsk	sasvsy	sbsCs5sYs	94311
nsisXs	jsDstsO	sPs3s0sBs	34329
UsusZ	sLs4sWsos	2s1szsNs7s	46286
wsdff	hf'fJf/	fEf6fKf9fq	40897
fpfefMf	RfGfVf	SfQflfxfgf	62677
cfFfkf	afvfyf	bfCf5fYfnf	22357
ifXfjf	DftfOfP	f3f0fBfUfu	20017
fZfLf4f	Wfof2	f1fzfNf7	9970
fwfdhh'	hJh/hEh6h	Kh9hqhphe	81440
hMh	RhGhVh	ShQhlhxhg	20797
hchFh	khahvhy	hbhCh5hYh	35587
nhihXh	jhDhthOh	Ph3h0hBhU	94228
huhZ	hLh4	hWhoh2h1hz	82491
hNh7h	whd''J'	/'E'6'K'9	76708
'q'p'	e'M'R'	G'V'S'Q'l	24481
'x'g'	c'F'k'	a'v'y'b'	95642
C'5'Y'n	'i'X'j	'D't'O'P'3	46952
'0'B'	U'u'Z'L'	4'W'o'2'1	57823
'z'N'	7'w'dJJ	/JEJ6JKJ	58992
9JqJpJ	eJMJRJG	JVJSJQJlJ	67453
xJgJ	cJFJkJa	JvJyJbJC	7230
J5JYJ	nJiJX	JjJDJtJOJ	16088
PJ3J0J	BJUJu	JZJLJ4JWJ	99004
oJ2J	1JzJNJ7	JwJd//E/6	15600
/K/9	/q/p/	e/M/R/G/V	47910
/S/Q/l/	x/g/c/F/	k/a/v/y/b	3562
/C/5	/Y/n/i	/X/j/D/t	14815
/O/P	/3/0/B/U	/u/Z/L/4/	62831
W/o	/2/1/z/N	/7/w/dEE	75053
6EKE9E	qEpEeEM	EREGEVES	6016
EQElExE	gEcEFEk	EaEvEyEbE	2900
CE5EYEn	EiEXEjEDE	tEOEPE3E0E	29548
BEUEuEZ	ELE4EW	EoE2E1Ez	54782
ENE7Ew	Ed66	K696q6p6e	24405
6M6	R6G6V6	S6Q6l6x6g	23601
6c6F6k6a	6v6y6b6C65	6Y6n6i6X6	42353
j6D6t6	O6P6360	6B6U6u6Z6	45123
L646W6o	62616	z6N676w6d	62909
KK9KqK	pKeKMKRKG	KVKSKQKlK	64414
xKgKcKFKk	KaKvK	yKbKCK5K	62571
YKnKiKXKj	KDKtKOKPK	3K0KBKUK	26976
uKZKLK4K	WKoK2K1	KzKNK7KwK	40923
d99q9p	9e9M9R9G9	V9S9Q9l9	63650
x9g9c	9F9	k9a9v9y9b9	86311
C959Y9n	9i9X9j9	D9t9O9P93	46516
909B9U9	u9Z9L9	49W9o929	40070
19z9N97	9w9dqqp	qeqMqRqG	13428
qVqS	qQqlqx	qgqcqFqkq	46486
aqvqyq	bqCq5q	YqnqiqXqj	99740
qDqt	qOqPq3q	0qBqUquqZ	55713
qLq4qWq	oq2q1q	zqNq7qwqd	50598
ppepMp	RpGpVp	SpQplpxpg	35621
pcpFpkp	apvpypb	pCp5pYpnp	60250
ipXpjp	DptpOpP	p3p0pBpUp	95291
upZp	Lp4pWpop2	p1pzpNp7	17253
pwpde	eMeR	eGeVeSeQe	57761
lexegec	eFekea	eveyebeCe	52703
5eYenei	eXejeDe	teOePe3e0	47187
eBeU	eueZeLe4	eWeoe2e1ez	9606
eNe7ewe	dMMRMGM	VMSMQMlM	77812
xMgMcMFMk	MaMv	MyMbMCM5M	26290
YMnMiM	XMjMDM	tMOMPM3M0	10833
MBMUM	uMZMLM	4MWMoM2M1	76837
MzMNM	7MwMdRRG	RVRSRQRlRx	60115
RgR	cRFRkR	aRvRyRbRC	54810
R5RYRnRiR	XRjRDRtR	ORPR3R0RB	4110
RURuRZ	RLR4RWR	oR2R1RzRN	58226
R7RwRdG	GVGSGQGl	GxGgGcGFG	76638
kGaGv	GyGbGC	G5GYGnGiG	55156
XGjGDG	tGOGPG	3G0GBGUGu	15954
GZGLG4G	WGoG2	G1GzGNG7G	15652
wGdVV	SVQVl	VxVgVcVF	31516
VkV	aVvVyVbVCV	5VYVnViV	53418
XVjVDV	tVOV	PV3V0VBVU	71513
VuVZVL	V4VWVo	V2V1VzVNV	7682
7VwVdS	SQSlS	xSgScSFSk	45519
SaSv	SySbSCS5	SYSnSiSXSj	78055
SDSt	SOSP	S3S0SBSUS	26952
uSZS	LS4SWS	oS2S1SzSN	171
S7SwS	dQQlQxQg	QcQFQkQaQ	93325
vQyQb	QCQ5QY	QnQiQXQjQ	32673
DQ	tQOQPQ	3Q0QBQUQu	94970
QZQLQ4	QWQoQ2Q1	QzQNQ7QwQ	75718
dllxl	glclFlk	lalvlylbl	14992
Cl5lY	lnlilX	ljlDltlOl	54203
Pl3l0lB	lUlulZ	lLl4lWlo	23001
l2l1l	zlNl7lwl	dxxgxcxFx	73107
kxaxv	xyxbxCx5	xYxnxixXx	69994
jxD	xtxOx	Px3x0xBx	57414
UxuxZxL	x4xWxox	2x1xzxNx7	1559
xwxd	ggcgF	gkgagvgygb	58655
gCg5g	Ygngi	gXgjgDgtgO	65946
gPg3g0g	BgUgugZ	gLg4gWgog	98455
2g1gzgN	g7gwg	dccFckcac	29995
vcycb	cCc5c	YcncicXcj	11254
cDctc	OcPc3c0	cBcUcucZ	51936
cLc4c	Wcoc2c	1czcNc7cw	76988
cdFF	kFaFvFyF	bFCF5FYFn	37724
FiFXF	jFDFtFOF	PF3F0FBFU	64012
FuFZ	FLF4FWFo	F2F1FzFNF	47765
7FwFdkka	kvkykb	kCk5kYknki	90572
kXkj	kDktk	OkPk3k0k	58212
BkUkuk	ZkLk4	kWkok2k1k	16985
zkNk7k	wkdaa	vayabaCa	41025
5aYan	aiaXajaD	ataOaPa3a	78106
0aBaUa	uaZa	La4aWaoa2	32183
a1azaNa7a	wadvvy	vbvCv5vY	54000
vnvivXv	jvDvt	vOvPv3v0	61807
vBvUvuv	ZvLv4	vWvov2v1v	74195
zvNv7v	wvdyy	byCy5yYyny	72700
iyXyjyD	ytyOy	Py3y0yByU	12270
yuyZyL	y4yWyoy	2y1yzyNy7	32617
ywyd	bbCb5b	YbnbibXbjb	22490
DbtbO	bPb3b0	bBbUbubZb	33391
Lb4bW	bob2b1	bzbNb7bwb	43019
dCC5C	YCnCiCXC	jCDCtCOC	66485
PC3C0CB	CUCuC	ZCLC4CWC	69995
oC2C1	CzCNC	7CwCd55Y5	79799
n5i5X5j	5D5t5O	5P53505B5	73621
U5u5Z5	L545W5	o52515z5	96886
N575w5	dYYnYi	YXYjYDYtY	33462
OYPY3Y0Y	BYUYuY	ZYLY4YWY	86295
oY2Y1	YzYNY	7YwYdnnin	23935
XnjnDnt	nOnPn3	n0nBnUnun	40010
ZnLn	4nWno	n2n1nznN	83238
n7nwn	diiXi	jiDitiOi	66248
Pi3i0i	BiUiuiZiLi	4iWioi2i1i	46415
ziNi7i	widXX	jXDXtXOXPX	74234
3X0X	BXUXuX	ZXLX4XWXo	43185
X2X1X	zXNX	7XwXdjjDjt	43736
jOjPj3j	0jBjUjuj	ZjLj4jWjo	48718
j2j1jzj	Nj7jwj	dDDtDODPD3	52418
D0DBDUD	uDZDL	D4DWDoD2D1	78852
DzDND	7DwDdtt	OtPt3t0t	46464
BtUtu	tZtLt4	tWtot2t1t	71016
ztNt7tw	tdOOPO3	O0OBOUOuO	5757
ZOLO4	OWOoO2O1	OzONO7OwO	88221
dPP3P	0PBPU	PuPZPLP4P	71502
WPo	P2P1P	zPNP7PwPd	59885
3303B	3U3u3Z	3L343W3o32	75933
313z3N3	73w3d00	B0U0u0Z0L	17648
040W0o0	2010z0	N070w0dB	32304
BUBuBZB	LB4BWBoB	2B1BzBNB	32765
7BwBdUU	uUZULU	4UWUoU2U1	35207
UzUNU7	UwUduu	ZuLu4uWuo	80730
u2u1u	zuNu7uwu	dZZLZ4ZWZ	42411
oZ2Z1	ZzZNZ7Z	wZdLL4LW	73990
LoL2L	1LzLNL	7LwLd44W4	2667
o4241	4z4N4	74w4dWWoW	45609
2W1WzW	NW7WwWdo	o2o1ozoN	10115
o7o	wod221	2z2N272w2	34127
d11z1	N171w1dz	zNz7zwzdN	73053
N7NwNd77w	7dwwdd8	8I8A8T8m8	87872
r8H8s8	f8h8	'8J8/8E868	40054
K898	q8p8e8	M8R8G8V8S	59976
8Q8l8	x8g8	c8F8k8a8v	6967
8y8b8	C858Y8	n8i8X8j8D	30110
8t8O8P	83808B8U	8u8Z8L848	62549
W8o8281	8z8N87	8w8dIIAITI	87124
mIrI	HIsIfI	hI'IJI/IE	93164
I6IKI9	IqIpIe	IMIRIGIVI	92580
SIQIlIx	IgIcIFI	kIaIvIyIbI	4355
CI5IYI	nIiIXIj	IDItIOIPI	83880
3I0IBI	UIuIZI	LI4IWIoI2	5904
I1IzI	NI7IwId	AATAmArAH	66435
AsAfA	hA'A	JA/AEA6AK	7005
A9Aq	ApAeAM	ARAGAVASAQ	51864
AlAxAg	AcAFA	kAaAvAyAb	14594
ACA5A	YAnAiA	XAjADAtAO	7861
APA3A0	ABAUAuA	ZALA4AWAo	53596
A2A1AzANA	7AwAd	TTmTrTHTs	76351
TfTh	T'TJT/TE	T6TKT9TqT	75163
pTeTMTRT	GTVTS	TQTlTxTg	91001
TcTFT	kTaT	vTyTbTCT	82288
5TYTn	TiTXTjT	DTtTOTPT3	18186
T0TB	TUTuTZ	TLT4TWToT	18433
2T1TzTNT7	TwTdmmr	mHmsmfmh	29893
m'mJm/mE	m6mKm9	mqmpmemMm	95203
RmGmVmSm	Qmlmx	mgmcmFmkma	79367
mvmymb	mCm5mYmnm	imXmjmDmt	83270
mOmPm3m0mBm	UmumZmL	m4mWmom2m1	77247
mzmN	m7m	wmdrrHrsr	2103
frhr'r	Jr/rEr	6rKr9rqrp	75995
rerMrRr	GrVr	SrQrlrxrg	64079
rcrFr	krarvryr	brCr5rYrn	57361
rirXrj	rDrtr	OrPr3r0r	58338
BrUru	rZrLr4	rWror2r1	12206
rzrNr7rw	rdHHsHf	HhH'HJH/H	47767
EH6HKH9	HqHpHe	HMHRHGHV	28054
HSHQHl	HxHg	HcHFHkHaH	31790
vHyHbHC	H5HYHnHi	HXHjHDHtH	61329
OHPH3H0	HBHUH	uHZHLH4HW	11822
HoH2	H1	HzHNH7HwH	43947
dssfshs's	Js	/sEs6sKs	29636
9sqspses	MsRsGs	VsSsQslsx	81510
sgs	csFsksasv	sysbsCs5	24451
sYsns	isXsj	sDstsOsPs3	25052
s0sB	sUsu	sZsLs4sWs	9098
os2s1s	zsNs7sw	sdffhf'fJ	707
f/fE	f6fKf	9fqfpfefM	28236
fRfGf	VfSfQfl	fxfgfcfFf	36481
kfafv	fyfbfCf5f	YfnfifXfjf	69043
DftfOfP	f3f0f	BfUfufZfL	46166
f4fWfo	f2f1f	zfNf7fwfd	81278
hh'hJ	h/hEh	6hKh9hqh	98810
phehMh	RhGhV	hShQhlhx	44515
hghchFh	khahvhyh	bhCh5hYhn	26885
hihXhjh	DhthOh	Ph3h0hBhU	50838
huhZhLh4	hWhoh2h	1hzhNh7hwh	81258
d''J'/	'E'6'	K'9'q'p'	2100
e'M'R	'G'V	'S'Q'l'x'	68343
g'c'F'k'	a'v'y	'b'C'5'Y'	28417
n'i'X'	j'D't'O'	P'3'0'B'U	29366
'u'Z'L	'4'W	'o'2'1'z'	22238
N'7'w	'dJJ/JE	J6JKJ9Jq	49429
JpJeJM	JRJGJV	JSJQJlJx	82211
JgJcJFJ	kJaJvJy	JbJCJ5JYJ	51113
nJiJ	XJjJDJ	tJOJPJ3J	42784
0JBJUJ	uJZJLJ	4JWJoJ2J1	35758
JzJNJ	7JwJd//E/6	/K/9/q/p/	29615
e/M/R	/G/V/S	/Q/l/x/g/	19836
c/F/k/	a/v/	y/b/C/5/Y	695
/n/i/X/	j/D/t/O/	P/3/0/B/U/	42979
u/Z/	L/4/	W/o/2/1/z	30552
/N/7/	w/dEE6	EKE9EqEpEe	37316
EMERE	GEVES	EQElExEgEc	76260
EFEkE	aEvEyE	bECE5EYEnE	10111
iEXEjEDEt	EOEP	E3E0EBEUEu	33915
EZELE4	EWEoE	2E1EzENE	43599
7EwEd66K	696q6p	6e6M6R6G	88037
6V6S6Q	6l6x6g6c6F6	k6a6v6y6b	61310
6C656	Y6n6	i6X6j6D6t	51668
6O6P	63606B6	U6u6Z6L64	85909
6W6o6261	6z6N6	76w6dKK9K	94396
qKpKeK	MKRKGK	VKSKQKlKx	66441
KgKcKFK	kKaK	vKyKbKCK	42309
5KYKn	KiKXKjK	DKtKOKPK3	9147
K0KB	KUKuK	ZKLK4KWKo	85083
K2K1K	zKNK7KwK	d99q9p9e	4772
9M9R9	G9V9S	9Q9l9x9g9	66617
c9F9k9a	9v9y9b	9C959Y9n9	41131
i9X9j9	D9t9O9P	93909B9U9	83664
u9Z9L9	49W9o9291	9z9N979w9d	41156
qqpqeqM	qRqGqV	qSqQqlqxqg	51079
qcqFqk	qaqvqyqb	qCq5qYqnq	60419
iqXqj	qDqtq	OqPq3q0qBq	25144
UquqZq	Lq4qWq	oq2q1qzqN	20912
q7qw	qdppep	MpRpGpVpS	25589
pQpl	pxpgpcp	Fpkpapvpyp	75000
bpCp5p	YpnpipXpj	pDptpOpPp	74561
3p0pB	pUpup	ZpLp4pWpo	66859
p2p1pz	pNp7pwpd	eeMeReGeV	76724
eSeQe	lexeg	eceFekeae	50574
veye	beCe5eYe	neieXejeD	90202
eteOePe	3e0e	BeUeueZe	50507
Le4e	Weoe2	e1ezeNe7e	8655
wedM	MRMGMV	MSMQMlMx	13453
MgMc	MFMkM	aMvMyMbM	45038
CM5MYM	nMiMXM	jMDMtMOMPM	40081
3M0M	BMUMu	MZMLM4MW	63730
MoM2M1Mz	MNM7	MwMdRRGRV	38319
RSRQRl	RxRg	RcRFRkRaR	12280
vRyRb	RCR5	RYRnRiRXR	57222
jRDRtROR	PR3R0RB	RURuRZRLR4	71033
RWRoR2	R1RzRN	R7RwRdGGV	51925
GSGQGlGx	GgGcG	FGkGaGvGy	98038
GbGCG5G	YGnGiGX	GjGDGtGOG	40761
PG3G0	GBGUG	uGZGLG4GW	89656
GoG2G1	GzGNG	7GwGdVVSV	3055
QVlVxVg	VcVFVkV	aVvVyVbV	92423
CV5VYVn	ViVXV	jVDVtVOVP	13843
V3V0VBV	UVuVZ	VLV4VWVoV	26504
2V1VzVNV	7VwVdSS	QSlSxSgSc	19994
SFS	kSaSvSySb	SCS5SYSn	96830
SiSXS	jSDStSOSPS3	S0SBSUSuS	52197
ZSLS4	SWSoS2S1	SzSNS7SwSd	84868
QQlQxQg	QcQFQ	kQaQvQyQb	49674
QCQ5QY	QnQiQXQj	QDQtQOQPQ	50541
3Q0QBQ	UQuQZQLQ4	QWQoQ2Q1	81300
QzQNQ	7QwQdl	lxlglclFlk	55951
lalvl	ylblCl5lY	lnlilXlj	16164
lDltlO	lPl3	l0lBlUlul	22665
ZlLl4lW	lol2l1lz	lNl7lwldx	96615
xgxc	xFxkxaxv	xyxbxCx5x	86416
YxnxixX	xjxDx	txOxPx3x0	53259
xBxUxux	ZxLx4xWx	ox2x1xzx	64857
Nx7xw	xdggcg	Fgkgagvgy	88584
gbgCg	5gYgngi	gXgjgDgtgO	5030
gPg3g	0g	BgUgugZg	68030
Lg4gW	gog2g1g	zgNg7gwgdc	63
cFck	cacvcycb	cCc5cYcnc	87761
icXc	jcDctcO	cPc3c0cB	29973
cUcu	cZcLc4	cWcoc2c1c	47567
zcNc7cwc	dFFk	FaFvFyFbF	83332
CF5	FYFnFiFX	FjFDFtFO	72481
FPF3F	0FBFUF	uFZFLF4FW	16391
FoF2	F1F	zFNF7FwFdk	36095
kakvk	ykbkCk	5kYknkikX	55788
kjkDktk	OkPk3k0k	BkUkukZkL	9062
k4kWko	k2k1kz	kNk7kwkda	43442
avayaba	Ca5aYa	naiaXajaD	95450
ataOaP	a3a0aB	aUauaZaLa	40483
4aWa	oa2a1	azaNa7awa	50697
dvvyv	bvCv5vYv	nvivXvjvDv	27393
tvOvPv3	v0vBvUv	uvZvLv4vW	90399
vov2v1	vzvNv7	vwvdyybyC	78739
y5yYyny	iyXyjyD	ytyOyPy3y	43236
0yByUyu	yZyLy4	yWyoy2y1	41442
yzyNy7	ywydbb	Cb5bYbnbi	82542
bXbjb	DbtbO	bPb3b0bBb	63599
Ubub	ZbLb4bW	bob2b1bzb	435
Nb7bwb	dCC5CYC	nCiCXCjCD	8524
CtCOCPC3	C0CBC	UCuCZCLC4	56660
CWCoC2	C1	CzCNC7CwC	95595
d55Y	5n5i5	X5j5D5t5O	10117
5P5350	5B5U5	u5Z5L545	60228
W5o52	515z5N	575w5dYYn	2456
YiY	XYjYD	YtYOYPY3Y0	40453
YBYU	YuYZYL	Y4YWYoY2	43745
Y1YzYNY	7YwYdnn	inXnjnDnt	45881
nOnPn3	n0nBnU	nunZnLn4n	72845
Wnon2n1	nznNn	7nwndiiXi	53579
jiD	itiOi	Pi3i0iBiU	51877
iuiZi	Li4iWioi	2i1iziNi7	83289
iwidXX	jXDXtX	OXPX3X0XB	97781
XUXu	XZXLX4	XWXoX2X1X	43109
zXNX7	XwXdjjD	jtjOjPj3j	3527
0jBjUj	ujZjLj4j	Wjoj2j1j	88130
zjNj7jw	jdDDt	DODPD3D0D	39632
BDUD	uDZDL	D4DWDoD2D	52343
1DzDND	7DwDdt	tOtPt3t0	43330
tBtUtut	ZtLt4t	Wtot2t1tz	99479
tNt7twt	dOOPO3	O0OBOUOuO	76331
ZOLO4OW	OoO2O	1OzONO7Ow	25111
OdPP3P	0PBP	UPuPZPLP4	35101
PWPoP2	P1PzPNP	7PwPd3303	99247
B3U	3u3Z3	L343W3o32	45265
313z	3N373	w3d00B0U0u	85337
0Z0L0	40W0o0	2010z0N0	15253
70w0d	BBUBu	BZBLB4BWB	9778
oB2B1B	zBNB	7BwBdUUuU	10196
ZULU4U	WUoU2U1	UzUNU7Uw	87332
UduuZ	uLu4uWu	ou2u1uzuN	16179
u7uwu	dZZLZ4ZW	ZoZ2Z1ZzZN	20920
Z7ZwZdL	L4LWLo	L2L1LzLNL7	83641
LwLd	44W4o	42414z4N4	58692
74w4dWW	oW2W1W	zWNW7WwWdo	17793
o2o1	ozoNo7o	wod2212z2N	11700
272w	2d11z1N	171w1dzzNz	88805
7zwzd	NN7NwNd	77w7dwwdd8	86786
8I8A8T8	m8r	8H8s8f8h8	18076
'8J8	/8E868K	898q8p8e8	83009
M8R8G8	V8S8Q8	l8x8g8c8	25839
F8k8a8v	8y8b8C858	Y8n8i8X8	5121
j8D8	t8O8P83808B8	U8u8Z8L84	56362
8W8o	8281	8z8N878w8d	70639
IIAI	TImIrI	HIsIfIhI	80111
'IJ	I/IEI	6IKI9IqIp	73039
IeI	MIRIGIVIS	IQIlIxIgI	28252
cIFIkI	aIvIyIb	ICI5IYInI	99353
iIXI	jIDItIO	IPI3I0IBI	17480
UIu	IZILI4IW	IoI2I1IzI	73351
NI7IwIdA	ATAmArAH	AsAfAhA'	24229
AJA/AEA	6AKA9	AqApAeAMAR	57583
AGAVA	SAQAlAx	AgAcAFAkA	97314
aAvAyAb	ACA5	AYAnAiAX	80401
AjADAt	AOAP	A3A0ABAUA	17522
uAZAL	A4AWAoA	2A1AzANA7	9355
AwAdT	TmTrTHTsT	fThT'TJT/	512
TET6TK	T9TqT	pTeTMTRTG	10270
TVTSTQTlTxT	gTcTFT	kTaTvTyTb	49350
TCT5	TYTnTi	TXTjTDTtT	93311
OTPT3T0	TBTUT	uTZTLT4TW	75899
ToT2T1T	zTNT7T	wTdmmrmHm	6505
smfmhm'	mJm/m	Em6mKm9mq	85571
mpmem	MmRmGmV	mSmQmlmxmg	43000
mcmFmk	mam	vmymbmCm5	79762
mYmn	mimXmj	mDmtmOmPm	31618
3m0mBmU	mumZmLm4m	Wmom2m1mz	35368
mNm7mwmd	rrHrsrf	rhr'rJr/r	96603
Er6rK	r9rqrp	rerMrRrGrV	68145
rSrQrlr	xrgrc	rFrkrarvry	85151
rbrCr5	rYrnrirXrj	rDrtrOrPr3	19450
r0rBrUrur	ZrLr4rWr	or2r1rzrN	72450
r7rwr	dHHsHf	HhH'HJH/HE	36855
H6HKH9H	qHpHeH	MHRHGHVH	79531
SHQHlH	xHgHc	HFHkHaHv	95399
HyHbHCH5H	YHnHiHX	HjHDHtHOHP	41473
H3H0H	BHUHuH	ZHLH4HWHoH	78001
2H1Hz	HNH7HwHd	ssfshs'sJ	37220
s/sEs6	sKs9sqs	psesMsRsG	63826
sVs	SsQsls	xsgscsFsk	30822
sasvs	ysbsCs	5sYsnsis	2021
XsjsDst	sOsPs	3s0sBsUsu	42514
sZsLs	4sWsos	2s1szsNs7	9004
swsd	ffhf'fJ	f/fEf6fKf	56334
9fqfpf	efMfRfGf	VfSfQflfx	62417
fgfcfF	fkfa	fvfyfbfCf5	33013
fYfnfi	fXfjfD	ftfOfPf3f0	72008
fBfU	fufZ	fLf4fWfof	36459
2f1fzfN	f7fwf	dhh'hJh/h	55584
Eh6hKh9hq	hphehMh	RhGhVhShQh	4922
lhxhghc	hFhkha	hvhyhbhC	95616
h5hYh	nhihXh	jhDhthOhP	82033
h3h0hB	hUhuhZ	hLh4hWhoh	96425
2h1hz	hNh7	hwhd''J'/	47286
'E'6	'K'9'	q'p'e'M'R	23711
'G'V'S'	Q'l'x	'g'c'F'k'	54656
a'v'y	'b'C'5'	Y'n'i'X'j	80710
'D't'	O'P'3'0	'B'U'u'Z	37666
'L'4	'W'o'	2'1'z'N'	10130
7'w'dJJ	/JEJ6	JKJ9JqJpJe	1634
JMJRJGJ	VJSJQJlJx	JgJcJFJkJ	61581
aJvJyJ	bJC	J5JYJnJiJ	53466
XJjJ	DJtJOJPJ	3J0JBJUJu	94935
JZJLJ	4JWJoJ	2J1JzJNJ	25464
7JwJd/	/E/6/K	/9/q/p/e/M	54052
/R/G/V/	S/Q/l/	x/g/c/F/k/	18938
a/v/y	/b/C	/5/Y/n/i/	45615
X/j/D	/t/O/	P/3/0/B/U	77114
/u/Z/	L/4/W/	o/2/1/z/N	27431
/7/w/dEE	6EKE9	EqEpEeEME	98055
REGEV	ESEQElE	xEgEcEFE	68490
kEaE	vEyEbECE	5EYEnEiEX	67080
EjED	EtEOEPE	3E0EBEUEu	58541
EZEL	E4EW	EoE2E1EzE	27837
NE7Ew	Ed66K6	96q6p6e6M	18903
6R6G6V6	S6Q6l6	x6g6c6F6k	57121
6a6v6y	6b6C	656Y6n6i6	72894
X6j6D	6t6O6P	63606B6U6	68397
u6Z6	L646W6	o62616z6	64142
N676	w6dKK9	KqKpKeKMK	65550
RKGKVKS	KQKlKxK	gKcKFKkKa	79122
KvKy	KbKCK	5KYKnKiKX	94256
KjKDK	tKOKPK3	K0KBKUKuK	4439
ZKLK4KW	KoK2K1KzKNK	7KwKd99q	13726
9p9e	9M9R9G	9V9S9Q9l9	18636
x9g9	c9F9k	9a9v9y9b9	77760
C959Y9	n9i9X9j	9D9t9O9P9	34196
3909	B9U9u	9Z9L949W9	72587
o92919z	9N97	9w9dqqpqe	64711
qMqRqGq	VqS	qQqlqxqgq	20341
cqFqkqa	qvqy	qbqCq5qYqn	24423
qiqXqjq	DqtqOqP	q3q0qBqU	96907
quqZ	qLq4qWqo	q2q1qzqNq	96335
7qwqdpp	epMpR	pGpVpSpQ	33465
plpxp	gpcpFpkpa	pvpypbpCp	20161
5pYpnp	ipXpjp	DptpOpPp	37780
3p0pBpU	pupZpLp	4pWpop2p	95108
1pzpN	p7pwpd	eeMeReGeV	35107
eSeQ	elex	egeceFek	44429
eaeveyebe	Ce5eYe	neieXeje	84709
DeteO	ePe3e0	eBeUeueZe	35734
Le4eWe	oe2e1ezeNe	7ewedMMRM	78408
GMVMS	MQMl	MxMgMcMFM	23377
kMaMv	MyMbMC	M5MYMnMiM	97297
XMjMDMt	MOMPM3M	0MBMUMuM	34325
ZMLM4	MWMoM2M	1MzMNM7M	77248
wMdRR	GRVRSRQR	lRxRgRcR	96474
FRkRaR	vRyRbRCR5	RYRnRiRXR	74886
jRDR	tRORPR	3R0RBRURuR	86640
ZRLR	4RWRoR2	R1RzRNR7	4179
RwRdGG	VGSGQGlGx	GgGcGFGkG	39078
aGvGyGbG	CG5GY	GnGiGXGjGD	35524
GtGOG	PG3G0	GBGUGuGZG	43002
LG4GW	GoG2G	1GzGNG7Gw	81318
GdVVSVQ	VlVxVgV	cVFVkVaV	63938
vVyV	bVCV	5VYVnViVXV	53608
jVDVtVO	VPV3V	0VBVUVuVZV	59899
LV4VWVoV2	V1VzVN	V7VwVdSSQ	56610
SlSxSg	ScSF	SkSaSvSyS	18336
bSCS5	SYS	nSiSXSjSD	413
StSOSP	S3S0S	BSUSuSZS	26237
LS4SWS	oS2S1SzSN	S7SwSdQQ	14151
lQxQgQ	cQFQkQ	aQvQyQbQC	53377
Q5QYQn	QiQXQjQD	QtQOQPQ3	7518
Q0QBQ	UQuQZQ	LQ4QWQoQ	82050
2Q1Qz	QNQ7Q	wQdllxlglc	5350
lFlkl	alvlylb	lCl5lYlnli	50405
lXljlDlt	lOlPl3	l0lBlUlu	52971
lZlL	l4lWlol	2l1lzlNl7	3945
lwldxxgxc	xFxkxax	vxyxbxCx5	66888
xYxnxixX	xjxDxtx	OxPx3x0xB	27467
xUx	uxZxL	x4xWxox2x	59315
1xzxNx7x	wxdgg	cgFgkgagv	96412
gygbgCg	5gYgn	gigXgjgDg	54831
tgOgPg	3g0gBgU	gugZgLg4g	65018
Wgog2g	1gzgN	g7gwgdcc	84557
Fckca	cvcycbcCc	5cYcncicX	94138
cjcDct	cOcP	c3c0cBcUc	59026
ucZcLc4	cWcoc2	c1czcNc7c	70169
wcdFF	kFaF	vFyFbFCF5	25916
FYFnF	iFXFjFD	FtFOFPF3	31917
F0FBFU	FuFZFLF4	FWFoF2F1F	12802
zFNF7	FwFdk	kakvkykbk	85299
Ck5kY	knkikXkj	kDktkOkPk	52237
3k0k	BkUkukZk	Lk4kWkok2k	37743
1kzkNk7	kwkdaa	vayabaCa5	83073
aYanaia	XajaDat	aOaPa3a0a	54803
BaUau	aZaLa4	aWaoa2a1az	28467
aNa	7awadvvy	vbvCv5vY	97678
vnvi	vXvjvDv	tvOvPv3v0	84546
vBvUvuvZv	Lv4vW	vov2v1vzvN	58559
v7vwvdy	ybyCy5y	YynyiyXyj	7499
yDytyO	yPy3y	0yByUyuyZy	4001
Ly4yW	yoy2y1y	zyNy7ywy	28688
dbbCb5b	Ybnbib	XbjbDbtbOb	47325
Pb3b0b	BbUbubZ	bLb4bWbo	62892
b2b1bzbNb7b	wbdCC5	CYCnCiCX	30133
CjCDCtCO	CPC3C	0CBCUCuCZ	90194
CLC4C	WCoC2	C1CzCNC7C	45493
wCd5	5Y5n5i	5X5j5D5t5	3166
O5P5	3505B5	U5u5Z5L54	36325
5W5o52	515z5N5	75w5dYYnY	57675
iYXYjY	DYtYOYP	Y3Y0YBYUY	14909
uYZYLY4Y	WYoY	2Y1YzYNY7	29622
YwYdnn	inXnjnDn	tnOnPn3n0	19603
nBnUn	unZnLn4n	Wnon2n1nz	28745
nNn7	nwn	diiXijiD	76028
itiOi	Pi3i0i	BiUiuiZiL	23956
i4iWi	oi2i	1iziNi7iwi	92174
dXXj	XDXtXOX	PX3X0XBX	35613
UXuX	ZXL	X4XWXoX2X	72840
1XzXNX	7XwXdjjDjt	jOjPj3j0jB	67710
jUjuj	ZjLj4j	Wjoj2j1jz	33543
jNj7jw	jdDD	tDODPD3D	96800
0DBDUDuD	ZDLD4D	WDoD2D1Dz	2172
DND7DwD	dttOtPt3	t0tBtUtut	64689
ZtLt4tW	tot2t1tzt	Nt7twtdOO	36009
PO3	O0OBOUO	uOZOLO4OWO	79740
oO2O	1OzONO	7OwOdPP3	78242
P0PBPUP	uPZPL	P4PWPoP2P	31370
1PzPN	P7PwP	d3303B3U3u	93115
3Z3L	343W3o3	2313z3N3	1712
73w3d00	B0U0	u0Z0L040W0	83325
o0201	0z0N070	w0dBBUBuB	24535
ZBLB4	BWBoB	2B1BzBNB7	99858
BwBdUU	uUZULU	4UWUoU2U	80072
1UzUNU7	UwUdu	uZuLu4uWuo	65189
u2u1u	zuNu7u	wudZZLZ4Z	44282
WZoZ2	Z1ZzZNZ7	ZwZdLL4LWL	25559
oL2	L1LzLN	L7LwLd44W	18531
4o42414z	4N474	w4dWWoW2W	23960
1WzWNW7W	wWdoo	2o1ozoNo7o	78162
wod2212	z2N2	72w2d11z1	77732
N171w	1dzzNz7zw	zdNN7NwNd	63640
77w7d	wwdd8	8I8A8T8m8	20322
r8H8s8	f8h8'8J	8/8E868K8	56692
98q8p	8e8M	8R8G8V8S	99822
8Q8l8	x8g8c8F	8k8a8v8y	92261
8b8C858	Y8n8i8X	8j8D8t8O8	81638
P838	08B8U8	u8Z8L848	17681
W8o828	18z8N8	78w8dIIAI	7575
TImIrIH	IsIfIhI	'IJI/IEI6	17411
IKI9I	qIpIeIMI	RIGIVISIQ	43771
IlIxI	gIcIFIkI	aIvIyIbI	14654
CI5IYIn	IiIXI	jIDItIOIPI	78105
3I0I	BIUIuI	ZILI4IWI	13900
oI2I1Iz	INI7IwI	dAATAmAr	22721
AHAsAf	AhA'AJA	/AEA6AKA	11812
9AqA	pAeAMA	RAGAVASAQ	94024
AlAxA	gAcAFA	kAaAvAyAb	79362
ACA5AYAn	AiAXAj	ADAtAOAP	86489
A3A0	ABAUAu	AZALA4AWA	20555
oA2A1A	zANA7Aw	AdTTmTrT	34187
HTsT	fThT'	TJT/TET6T	21066
KT9TqTpT	eTMTRTGTVTS	TQTlTxTg	50499
TcTFTk	TaTvTy	TbTCT5TYT	60600
nTiTX	TjTDTt	TOTPT3T0T	31156
BTUTuTZ	TLT4TWTo	T2T1TzTN	53295
T7TwTd	mmrmHm	smfmhm'mJ	16840
m/mE	m6mKm	9mqmpmem	82845
MmRmGmVm	SmQm	lmxmgmcmF	43178
mkm	amvm	ymbmCm5mY	47701
mnmimXm	jmDmtm	OmPm3m0mB	12457
mUmumZ	mLm4	mWmom2m1m	20790
zmNm7mwm	drrHrsrf	rhr'rJr/rE	11134
r6rKr9	rqrpre	rMrRrGrVr	95164
SrQrlrx	rgrcr	Frkrarvry	44344
rbrC	r5rYrnri	rXrjrDrtr	15011
OrPr3r0	rBrUrur	ZrLr4rWro	92137
r2r1rzr	Nr7r	wrdHHsHfHh	28750
H'HJH/H	EH6HK	H9HqHpHeH	46571
MHRHGHV	HSHQHlH	xHgHcHFHk	4151
HaHvHyH	bHCH5	HYHnHiHXH	23854
jHDHtH	OHPH3H	0HBHUHuHZ	42287
HLH4HW	HoH2H	1HzHNH7H	14789
wHdss	fshs	'sJs/sEs6	38965
sKs9sqs	psesMs	RsGsVsSsQ	2527
slsxs	gscsF	sksasvsys	87209
bsCs	5sYsn	sisXsjsDst	52192
sOsPs3s	0sBsUsu	sZsLs4sWs	84909
os2s1sz	sNs7s	wsdffhf'f	44679
Jf/fEf	6fKf9f	qfpfefMfR	19017
fGfV	fSfQfl	fxfgfcfFfk	12905
fafvfy	fbfCf5	fYfnfifXf	54559
jfDf	tfOf	Pf3f0fBfU	72986
fufZf	Lf4fW	fof2f1fzf	45356
Nf7f	wfdhh'hJh	/hEh6hKh9h	24079
qhphehMhR	hGhVh	ShQhlhxhg	21882
hchFhk	hahvh	yhbhCh5hY	74009
hnhihX	hjhDh	thOhPh3h	26325
0hBhU	huhZhL	h4hWhoh2h	62108
1hzhNh	7hwhd	''J'/'E'6	1840
'K'9'q	'p'e'M	'R'G'V'S'	32962
Q'l'x'g	'c'F'k	'a'v'y'b'	88820
C'5'Y	'n'i'	X'j'D't'O	50559
'P'3	'0'B'U	'u'Z'L'4'W	86898
'o'2'	1'z'N'7'w'	dJJ/JEJ6JK	47049
J9JqJp	JeJMJRJGJV	JSJQJlJxJ	72168
gJcJFJ	kJaJvJyJ	bJCJ5JYJnJ	11558
iJXJjJ	DJtJOJ	PJ3J0JBJU	29559
JuJZJ	LJ4JW	JoJ2J1JzJ	29660
NJ7JwJd/	/E/6/K/	9/q/p/e/M	32107
/R/G/V/	S/Q/l	/x/g/c/F	93710
/k/a/v	/y/	b/C/5/Y/	49344
n/i/X/j	/D/t/	O/P/3/0/B/	67669
U/u/Z/	L/4/W/o/	2/1/z/N/7	99958
/w/dE	E6EKE9	EqEpEeEME	5021
REGEVES	EQElEx	EgEcEFEkEa	59882
EvEyEb	ECE5EY	EnEiEXEjE	52344
DEtE	OEPE3E	0EBEUEuEZ	50653
ELE4EW	EoE2E1Ez	ENE7EwEd6	67521
6K696q	6p6e6M6	R6G6V6S6	27695
Q6l6	x6g6c6F	6k6a6v6y	35909
6b6C	656Y6n6i6X6	j6D6t6O6P	43062
6360	6B6U6u6	Z6L646W6o	40330
62616	z6N676w	6dKK9KqKp	57386
KeKMKRK	GKVKSKQ	KlKxKgKcK	24389
FKkKaK	vKyKbK	CK5KYKnKi	4236
KXKjKDK	tKOKPK3	K0KBKUKuK	80384
ZKLK4K	WKoK2K1	KzKNK7Kw	48899
Kd99q9	p9e9M9	R9G9V9S9	60258
Q9l9x	9g9c9F9k	9a9v9y9b9	32330
C959Y9n9i	9X9j	9D9t9O9P93	46080
909B9	U9u9Z9L	949W9o929	19498
19z9N	979w9dq	qpqeqMqRq	30423
GqVqS	qQqlqx	qgqcqFqkqa	4208
qvqyqbq	Cq5qY	qnqiqXqjq	75218
DqtqO	qPq3q0	qBqUquqZq	2697
Lq4q	Wqoq2q1	qzqNq7qw	66670
qdpp	epMp	RpGpVpSpQ	63700
plpxpgpcp	Fpkpapv	pypbpCp5	48484
pYpnp	ipXpjp	DptpOpPp3	43954
p0pB	pUpupZ	pLp4pWpop	75184
2p1pz	pNp7	pwpdeeMe	24367
ReGeVeS	eQele	xegeceFek	17443
eaeve	yebeCe5eY	eneieXeje	15252
Dete	OePe3e0	eBeUeueZe	24831
Le4eW	eoe2e1eze	Ne7ewedM	54988
MRMGMVMSMQM	lMxMgMc	MFMkMaMvM	8139
yMbM	CM5MYMnM	iMXMjMDMt	44292
MOMPM3M	0MBMUMuMZ	MLM4MWMoM	43476
2M1MzMN	M7MwM	dRRGRVRSR	57040
QRlRxRg	RcRFR	kRaRvRyR	69188
bRCR5RY	RnRiRX	RjRDRtROR	41780
PR3R0	RBRUR	uRZRLR4RWR	17271
oR2R1	RzRNR7R	wRdGGVGSG	28350
QGlGx	GgGcGF	GkGaGvGyG	15985
bGCG5GY	GnGiGXG	jGDGtGOGPG	81216
3G0GBGUG	uGZGLG4GW	GoG2G1GzG	79455
NG7Gw	GdVVSVQVlV	xVgVcVFVk	56223
VaVvV	yVbVC	V5VYVnVi	69210
VXVjVD	VtVOVPV	3V0VBVUVu	20083
VZVLV4VW	VoV2V	1VzVNV7Vw	89501
VdSSQSl	SxSgS	cSFSkSaSv	20659
SySbSC	S5SYSn	SiSXSjSDS	57946
tSOSP	S3S	0SBSUSuSZ	3375
SLS4	SWSoS2S1Sz	SNS7SwSdQ	17697
QlQx	QgQcQFQ	kQaQvQyQb	64200
QCQ5QY	QnQiQXQ	jQDQtQOQP	10535
Q3Q0QB	QUQuQZ	QLQ4QWQoQ	9780
2Q1QzQN	Q7QwQd	llxlglclF	76158
lklal	vlylbl	Cl5lYlnli	96346
lXljl	DltlOlP	l3l0lBlU	40246
lulZ	lLl4l	Wlol2l1lzl	5235
Nl7lw	ldxxg	xcxFxkxax	78483
vxyx	bxCx5xY	xnxixXxjx	81666
DxtxOxP	x3x0x	BxUxuxZxL	60427
x4xW	xox2x1	xzxNx7xwx	40047
dggcgFg	kgagvgyg	bgCg5gYgng	99743
igXgjgD	gtgOgPg	3g0gBgUgu	31525
gZgLg4	gWgo	g2g1gzgNg	13040
7gwgd	ccFckcac	vcycbcCc5	19756
cYcncicX	cjcDctcOc	Pc3c0cBcU	11467
cucZc	Lc4c	Wcoc2c1cz	24661
cNc7c	wcdFFk	FaFvFyFbFC	59261
F5FY	FnFi	FXFjFDFt	70761
FOFPF3F0	FBFUF	uFZFLF4FW	95535
FoF2	F1FzF	NF7FwFdkk	37022
akvkyk	bkCk5k	YknkikXkjk	9228
Dktk	OkPk	3k0kBkUkuk	25822
ZkLk4k	Wkok2	k1kzkNk7k	83642
wkd	aavay	abaCa5aY	8257
anaia	XajaDataO	aPa3a0aBa	45377
UauaZ	aLa4aWao	a2a1azaNa	48008
7awadvvyv	bvCv5vYvn	vivXvjvDv	25021
tvOvPv3	v0vBvU	vuvZvLv4	50101
vWvov2v1v	zvNv7vwv	dyybyCy5y	8609
Yynyi	yXyjyD	ytyOyPy3y	28333
0yBy	UyuyZ	yLy4yWyoy	41598
2y1y	zyNy7y	wydbbCb5b	95641
Ybnbib	Xbjb	DbtbObPb3	69263
b0bBbUb	ubZb	Lb4bWbob2b	92019
1bzbNb	7bwbdC	C5CYCnCiC	32305
XCjCDC	tCOCP	C3C0CBCUC	28309
uCZCLC4C	WCoC	2C1CzCNC7	66279
CwCd5	5Y5n5i5X5j	5D5t5O5P5	42329
3505B	5U5u5Z5L	545W5o525	25118
15z5N575	w5dYYnY	iYXYjYDYt	43960
YOYPY	3Y0YB	YUYuYZYLY	62556
4YWYoY2Y1	YzYNY7	YwYdnninX	43373
njnD	ntnOn	Pn3n0nBnUn	6321
unZnLn	4nWnon2n1	nznNn7nw	95085
ndii	XijiDitiO	iPi3i0iBi	69580
UiuiZ	iLi4i	Wioi2i1i	27680
ziNi7	iwidXX	jXDXtXOXPX	91327
3X0X	BXUXuX	ZXLX4XWXo	91124
X2X1Xz	XNX7XwXd	jjDjtjOjP	56108
j3j0jB	jUjujZj	Lj4jWjoj2	13198
j1jzjNj7	jwjdDDtDOD	PD3D0DBDU	54828
DuDZDL	D4DWD	oD2D1DzDN	76531
D7DwDd	ttOtPt	3t0tBtUtu	42756
tZtLt4	tWtot	2t1tztNt7	60915
twtdOOP	O3O0OB	OUOuOZOLO	53179
4OWOo	O2O1OzO	NO7OwOdPP	65883
3P0PB	PUPuPZ	PLP4PWPoP	48937
2P1Pz	PNP7PwP	d3303B3U3	38695
u3Z3L3	43W3o3	2313z3N37	46276
3w3d00B	0U0u0Z0	L040W0o02	33854
010z	0N070	w0dBBUBuB	1491
ZBLB4BWB	oB2B1	BzBNB7BwB	15874
dUUuUZ	ULU4	UWUoU2U1Uz	4597
UNU7Uw	UduuZ	uLu4uWuo	92788
u2u1uzuN	u7uwud	ZZLZ4ZWZoZ	73206
2Z1ZzZN	Z7ZwZd	LL4LWLoL2L	13775
1LzLNL	7LwL	d44W4o42	31363
414z4	N474w4	dWWoW2W1Wz	90342
WNW7W	wWdo	o2o1ozoNo7	7883
owod2	212z2N272	w2d11z1N17	63184
1w1dzzNz7zw	zdNN	7NwNd77w7d	19810
wwdd	88I8A8T	8m8r8H8s8	78954
f8h8'	8J8/8E8	68K898q8p	19236
8e8M8R8	G8V8S	8Q8l8x8g8c	28542
8F8k8	a8v8y8b8C8	58Y8n8i8X	34733
8j8	D8t8O	8P83808B8U	99930
8u8Z	8L848W8	o82818z8N	59500
878w8d	IIAITIm	IrIHIsIfI	85032
hI'	IJI/I	EI6IKI9I	66566
qIpIeIM	IRIGIVIS	IQIlIxIgI	87595
cIFIkI	aIvIy	IbICI5IYIn	53210
IiIXI	jID	ItIOIPI3I	68440
0IBIUIu	IZILI4	IWIoI2I1	78120
IzINI7I	wIdAATA	mArAHAsAfA	62480
hA'AJA/	AEA6	AKA9AqApA	29944
eAMARAGAV	ASAQAlA	xAgAcAFAkA	87562
aAvAyAb	ACA5A	YAnAiAXAj	80302
ADAtAOA	PA3A0ABAUAu	AZALA4AWA	45798
oA2A1A	zANA7	AwAdTTmT	67158
rTHTs	TfTh	T'TJT/TE	38084
T6TK	T9TqTpTeT	MTRTGTVT	56637
STQTlTx	TgTcTF	TkTaTvTyT	46646
bTCT5TYTn	TiTXT	jTDTtTOTP	73354
T3T0T	BTUTu	TZTLT4TWT	83439
oT2T1Tz	TNT7Tw	TdmmrmHms	74188
mfmh	m'mJm	/mEm6mKm	848
9mqm	pmemMmRmGmV	mSmQmlmxmg	56487
mcmFmk	mamvmy	mbmCm5mYmn	68396
mimX	mjmDm	tmOmPm3m0	42410
mBmU	mumZmLm4m	Wmom2m1m	3710
zmNm7mwmdrr	Hrsrfr	hr'rJr/rE	85690
r6rKr	9rqrpre	rMrRrGrVr	92007
SrQrlrx	rgrcr	Frkrarvryr	74815
brCr5r	YrnrirXr	jrDrtrOr	56013
Pr3r	0rBrUrurZr	Lr4rWror	87242
2r1rzr	Nr7rwr	dHHsHfHhH	83044
'HJH/H	EH6HK	H9HqHpHeH	79877
MHRHGH	VHSHQHl	HxHgHcHFHk	57487
HaHvH	yHbHCH	5HYHnHiH	49940
XHjH	DHtHOHP	H3H0HBHUHu	73441
HZHL	H4H	WHoH2H1Hz	38571
HNH7HwH	dssfsh	s'sJs/sEs	24999
6sKs9	sqspses	MsRsGsVsSs	8810
Qslsxsgsc	sFsks	asvsysbsC	87669
